IMINE2-J-001	cvs オープンソース		241.53808900000004,	IRCE-Q-J-4S
IMINE2-J-001	cvs バージョン管理システム		202.29546799999997,0.3086581319877603	IRCE-Q-J-4S
IMINE2-J-001	cvs 企業		97.04383899999999,0.15746764000093622	IRCE-Q-J-4S
IMINE2-J-001	cvs 人物		54.778613,0.01625462962962963	IRCE-Q-J-4S
IMINE2-J-001	cvs ソフトウェア開発ツール		92.77914299999999,0.665183247202602	IRCE-Q-J-4S
IMINE2-J-001	cvs エセックス級航空母艦		115.81491800000002,1.35659464710854	IRCE-Q-J-4S
IMINE2-J-001	cvs コンピュータ		80.617357,1.1258812306306114	IRCE-Q-J-4S
IMINE2-J-001	cvs 薬局・薬店		47.429491,1.2163391842976687	IRCE-Q-J-4S
IMINE2-J-001	cvs 製造		12.038476,0.6522876658797521	IRCE-Q-J-4S
IMINE2-J-001	cvs 1945年竣工船		49.190335000000005,1.6580123084836602	IRCE-Q-J-4S
IMINE2-J-002	ゆずの楽曲		519.5341959999998,	IRCE-Q-J-4S
IMINE2-J-002	ゆず シングル		386.88454299999995,0.2010850975909914	IRCE-Q-J-4S
IMINE2-J-002	ゆず 北川悠仁が制作した楽曲		386.41475849999995,0.6889522120890466	IRCE-Q-J-4S
IMINE2-J-002	ゆず 人物		36.170109,0.17853009259259256	IRCE-Q-J-4S
IMINE2-J-002	ゆず 同名の地名		11.986378,0.4313064477371381	IRCE-Q-J-4S
IMINE2-J-002	ゆずのアルバム		243.51335599999996,1.4389512321166342	IRCE-Q-J-4S
IMINE2-J-002	ゆず 岩沢厚治が制作した楽曲		205.914561,1.8968304548433619	IRCE-Q-J-4S
IMINE2-J-002	ゆず 1947年設立の企業		12.154158,1.3226338530991795	IRCE-Q-J-4S
IMINE2-J-002	ゆず アルバム		96.986976,2.29834563110394	IRCE-Q-J-4S
IMINE2-J-002	ゆず ヘ長調の曲		72.5007315,2.237812448425711	IRCE-Q-J-4S
IMINE2-J-003	フェイト 人物		182.60361500000002,	IRCE-Q-J-4S
IMINE2-J-003	フェイト UFCの大会		113.389232,0.08357767489711934	IRCE-Q-J-4S
IMINE2-J-003	フェイト 2009年のアメリカ合衆国のスポーツ		45.690989,0.5115290449200889	IRCE-Q-J-4S
IMINE2-J-003	フェイト 批判		11.755409,0.015028935185185183	IRCE-Q-J-4S
IMINE2-J-003	フェイト WECの大会		45.850055,0.9597532007869984	IRCE-Q-J-4S
IMINE2-J-003	フェイト 化学の一覧		11.583363,0.6020149538644547	IRCE-Q-J-4S
IMINE2-J-003	フェイト Strikeforce王者		11.698256,0.6731372582827339	IRCE-Q-J-4S
IMINE2-J-003	フェイト コンピュータゲーム		45.91701499999999,1.5225698585196301	IRCE-Q-J-4S
IMINE2-J-003	フェイト 2009年の総合格闘技		45.690989,1.715334072544454	IRCE-Q-J-4S
IMINE2-J-003	フェイト オーラルコミュニケーション		11.536222,1.038865219419003	IRCE-Q-J-4S
IMINE2-J-004	壁紙 人物		163.99931000000004,	IRCE-Q-J-4S
IMINE2-J-004	壁紙 建築		148.88056500000002,0.010555555555555554	IRCE-Q-J-4S
IMINE2-J-004	壁紙 建築材料		148.88056500000002,0.09578515102559157	IRCE-Q-J-4S
IMINE2-J-004	壁紙 装飾		149.24537,0.2632312570102652	IRCE-Q-J-4S
IMINE2-J-004	壁紙 インテリア		149.271399,0.5312014132775792	IRCE-Q-J-4S
IMINE2-J-004	壁紙 企業		130.500142,0.6283940059868303	IRCE-Q-J-4S
IMINE2-J-004	壁紙 住宅関連企業		64.53953,0.7771904265728955	IRCE-Q-J-4S
IMINE2-J-004	壁紙 日本のイラストレーター		88.471079,1.2243370687596542	IRCE-Q-J-4S
IMINE2-J-004	壁紙 Leadの楽曲		73.09683000000001,1.7481424922130415	IRCE-Q-J-4S
IMINE2-J-004	壁紙 容器		12.033027,0.7188876669035831	IRCE-Q-J-4S
IMINE2-J-005	ワンピース 人物		234.160766,	IRCE-Q-J-4S
IMINE2-J-005	ワンピース ファッション		218.698617,0.030881076388888887	IRCE-Q-J-4S
IMINE2-J-005	ワンピース アウターウェア		216.21285600000002,0.3182226385108728	IRCE-Q-J-4S
IMINE2-J-005	ワンピース コンピュータゲーム		142.03078399999998,0.5929675338916514	IRCE-Q-J-4S
IMINE2-J-005	ワンピース 民族衣装		81.514459,0.5824320411669971	IRCE-Q-J-4S
IMINE2-J-005	ワンピース ニンテンドーDS用ソフト		63.79848200000001,0.8732112002586371	IRCE-Q-J-4S
IMINE2-J-005	ワンピース 設計		16.730602,0.3498030790027416	IRCE-Q-J-4S
IMINE2-J-005	ワンピース 水着		64.675262,1.3839965968841956	IRCE-Q-J-4S
IMINE2-J-005	ワンピース 服飾史		49.472644,1.3445831464596822	IRCE-Q-J-4S
IMINE2-J-005	ワンピース 自然保護活動家		15.813887,0.9069341364901108	IRCE-Q-J-4S
IMINE2-J-006	マック 人物		297.90547849999996,	IRCE-Q-J-4S
IMINE2-J-006	マックス・エー女優		181.11205940000002,0.06172839506172839	IRCE-Q-J-4S
IMINE2-J-006	マック 日本のAV女優		188.31663210000002,0.8275720402305106	IRCE-Q-J-4S
IMINE2-J-006	マック 英語の姓		163.85905209999999,1.3483523310855405	IRCE-Q-J-4S
IMINE2-J-006	マック 性風俗関係者		166.57029900000003,1.8399195243890218	IRCE-Q-J-4S
IMINE2-J-006	マック 人物の愛称		134.82265,1.5928911624607516	IRCE-Q-J-4S
IMINE2-J-006	マック 東京都出身の人物		108.92528730000001,1.6354845434538794	IRCE-Q-J-4S
IMINE2-J-006	マック IEC		7.259088,0.20237299010181922	IRCE-Q-J-4S
IMINE2-J-006	マック 窃盗		7.2743216,0.5608329669230518	IRCE-Q-J-4S
IMINE2-J-006	マック 企業		94.43854970000001,2.2496197971737004	IRCE-Q-J-4S
IMINE2-J-007	アルク 日本の出版社		134.82265,	IRCE-Q-J-4S
IMINE2-J-007	アルク 歴史		110.72457549999999,0.01207626028806584	IRCE-Q-J-4S
IMINE2-J-007	アルク 語学書		134.82265,0.3264145506087017	IRCE-Q-J-4S
IMINE2-J-007	アルク 語学に関する出版社		134.82265,0.6529427231063996	IRCE-Q-J-4S
IMINE2-J-007	アルク 杉並区の企業		134.82265,1.1352670869921557	IRCE-Q-J-4S
IMINE2-J-007	アルク 人物		51.06192899999999,0.08607467421124829	IRCE-Q-J-4S
IMINE2-J-007	アルク 地名		8.607028,0.3588369449077415	IRCE-Q-J-4S
IMINE2-J-007	アルク ザクセン＝アルテンブルク家		68.3865655,2.184078564320583	IRCE-Q-J-4S
IMINE2-J-007	アルク 都市の一覧		8.538685,0.8713396693762429	IRCE-Q-J-4S
IMINE2-J-007	アルク 消息不明となった人物		8.488432,1.115462534293553	IRCE-Q-J-4S
IMINE2-J-008	ゾロアスター教		235.66440799999998,	IRCE-Q-J-4S
IMINE2-J-008	ゾロアスター教の神		233.5258295,0.3306695339257991	IRCE-Q-J-4S
IMINE2-J-008	ゾロ 人物		62.006518,0.010574215797430082	IRCE-Q-J-4S
IMINE2-J-008	ゾロ 邪神・悪神		110.360371,0.7316278550345903	IRCE-Q-J-4S
IMINE2-J-008	ゾロ 数の比較		62.652978000000004,0.6852758600563339	IRCE-Q-J-4S
IMINE2-J-008	ゾロ 神話		72.85163200000001,1.365496600530035	IRCE-Q-J-4S
IMINE2-J-008	ゾロ 儀式の火		24.725907,0.8466045622737229	IRCE-Q-J-4S
IMINE2-J-008	ゾロ 聖地		12.310438,0.7735196962163137	IRCE-Q-J-4S
IMINE2-J-008	ゾロ 実包		12.372509,1.047665751459412	IRCE-Q-J-4S
IMINE2-J-008	ゾロ 映画		61.694414,2.0881755098783676	IRCE-Q-J-4S
IMINE2-J-009	スバル 自動車		352.44827749999996,	IRCE-Q-J-4S
IMINE2-J-009	スバルの車種		282.8797055,0.09259173701012613	IRCE-Q-J-4S
IMINE2-J-009	スバル 人物		53.4188585,0.021635802469135802	IRCE-Q-J-4S
IMINE2-J-009	スバル 富士重工業		229.93784400000004,0.7641137833311759	IRCE-Q-J-4S
IMINE2-J-009	スバル 富士重工業のディーラー		194.52364,1.223595849389676	IRCE-Q-J-4S
IMINE2-J-009	スバル 富士重工業のエンジン		177.3335335,1.7774011022140812	IRCE-Q-J-4S
IMINE2-J-009	スバル 四輪駆動車		120.94591349999999,1.792481999323059	IRCE-Q-J-4S
IMINE2-J-009	スバル 自動車の新製品		134.82265,2.300842921689392	IRCE-Q-J-4S
IMINE2-J-009	スバル 日本の自動車メーカー・ブランド		134.82265,2.676244709674762	IRCE-Q-J-4S
IMINE2-J-009	スバル 1961年設立の企業		41.663071,2.06285709163657	IRCE-Q-J-4S
IMINE2-J-010	読売 江戸時代の文化		134.82265,0.011393229166666666	IRCE-Q-J-4S
IMINE2-J-010	読売 人物		108.55862939999999,0.0	IRCE-Q-J-4S
IMINE2-J-010	読売 マスメディアの歴史		134.82265,0.2697076137758804	IRCE-Q-J-4S
IMINE2-J-010	読売グループ		124.7327287,0.6828900825962175	IRCE-Q-J-4S
IMINE2-J-010	読売 日本の実業家		85.8237127,0.9561703302029905	IRCE-Q-J-4S
IMINE2-J-010	読売 テレビ番組		92.4353096,1.3087877883363956	IRCE-Q-J-4S
IMINE2-J-010	読売新聞グループの人物		116.6219315,2.002645995632055	IRCE-Q-J-4S
IMINE2-J-010	読売 日本のジャーナリスト		77.76578649999999,2.2663428748923646	IRCE-Q-J-4S
IMINE2-J-010	読売 新聞編集者		46.739696699999996,1.872968212524714	IRCE-Q-J-4S
IMINE2-J-010	読売 東京都出身の人物		54.315714099999994,2.4643573389041475	IRCE-Q-J-4S
IMINE2-J-011	ペルソナ 人物		819.7110869999997,	IRCE-Q-J-4S
IMINE2-J-011	ペルソナシリーズ		315.26301900000004,0.019476089825241058	IRCE-Q-J-4S
IMINE2-J-011	ペルソナ 日本の漫画家		190.018326,0.6750017294112725	IRCE-Q-J-4S
IMINE2-J-011	ペルソナ 外交		41.64193,0.45938439165198836	IRCE-Q-J-4S
IMINE2-J-011	ペルソナ 同名の地名		21.638744,0.4733821777424283	IRCE-Q-J-4S
IMINE2-J-011	ペルソナ ゲームクリエイター		128.14032600000002,1.1537478786097577	IRCE-Q-J-4S
IMINE2-J-011	ペルソナ 携帯電話アプリゲーム		154.93416,1.6355429346516202	IRCE-Q-J-4S
IMINE2-J-011	ペルソナ 漫画家		190.018326,2.3221318282408783	IRCE-Q-J-4S
IMINE2-J-011	ペルソナ 東京都出身の人物		104.398395,1.959281956266247	IRCE-Q-J-4S
IMINE2-J-011	ペルソナ 心理学		19.621834,1.319831900080134	IRCE-Q-J-4S
IMINE2-J-012	青山 企業		481.6058700000001,0.07238945471762594	IRCE-Q-J-4S
IMINE2-J-012	青山 人物		8.827026,0.010833333333333332	IRCE-Q-J-4S
IMINE2-J-012	青山 東京都港区の企業		818.7299789999998,0.720324920108227	IRCE-Q-J-4S
IMINE2-J-012	青山 科学技術博物館		48.160587,0.3075678597134724	IRCE-Q-J-4S
IMINE2-J-012	青山 同名の地名		17.751195,0.4659001214358849	IRCE-Q-J-4S
IMINE2-J-012	青山 エレベーター		48.160587,0.564125744313956	IRCE-Q-J-4S
IMINE2-J-012	青山 2011年設立の企業		48.160587,0.7193538284518997	IRCE-Q-J-4S
IMINE2-J-012	青山 1969年設立の企業		48.160587,1.0211879295620971	IRCE-Q-J-4S
IMINE2-J-012	青山 経営破綻した企業		48.160587,1.1793555417817951	IRCE-Q-J-4S
IMINE2-J-012	青山 日本の地名		134.82265,1.5382178263313195	IRCE-Q-J-4S
IMINE2-J-013	なでしこ 人物		1730.7897380000002,	IRCE-Q-J-4S
IMINE2-J-013	なでしこ 日本の女子サッカー選手		1606.624665,0.09092881944444445	IRCE-Q-J-4S
IMINE2-J-013	なでしこ サッカー選手		1361.424068,0.28736324833766874	IRCE-Q-J-4S
IMINE2-J-013	なでしこ サッカー日本女子代表選手		719.442983,1.2422378977034407	IRCE-Q-J-4S
IMINE2-J-013	なでしこ 1986年生		198.594055,1.0338728830987258	IRCE-Q-J-4S
IMINE2-J-013	なでしこ 1989年生		197.79536,1.3287073236791918	IRCE-Q-J-4S
IMINE2-J-013	なでしこ 東京都出身の人物		223.684,1.6294326837980873	IRCE-Q-J-4S
IMINE2-J-013	なでしこ 1985年生		172.436093,1.8227598889100411	IRCE-Q-J-4S
IMINE2-J-013	なでしこ 1987年生		172.377069,2.0767957183793953	IRCE-Q-J-4S
IMINE2-J-013	なでしこ プログラミング言語		25.347174,2.0380980223987537	IRCE-Q-J-4S
IMINE2-J-014	ボーダーズ 人物		409.3148755000001,	IRCE-Q-J-4S
IMINE2-J-014	ボーダーズ チアリーダー		152.5040275,0.22610091490299822	IRCE-Q-J-4S
IMINE2-J-014	ボーダーズ 英語の姓		134.82265,0.7944409853166149	IRCE-Q-J-4S
IMINE2-J-014	ボーダーズ 東京都出身の人物		90.976126,0.8104135731681825	IRCE-Q-J-4S
IMINE2-J-014	ボーダーズ 1975年生		76.0776065,0.9471049672984588	IRCE-Q-J-4S
IMINE2-J-014	ボーダーズ スポーツ関係者		152.425247,1.963988144720571	IRCE-Q-J-4S
IMINE2-J-014	ボーダーズ スノーボード		92.034902,1.5615193157633127	IRCE-Q-J-4S
IMINE2-J-014	ボーダーズ カード		15.421397,0.8809346428819236	IRCE-Q-J-4S
IMINE2-J-014	ボーダーズ 経営破綻した企業		16.34485,1.0220688866422725	IRCE-Q-J-4S
IMINE2-J-014	ボーダーズ アメリカ合衆国の俳優		106.1408535,2.4946901336394602	IRCE-Q-J-4S
IMINE2-J-015	マンチェスター 人物		651.9848450000001,	IRCE-Q-J-4S
IMINE2-J-015	マンチェスター・ユナイテッドFCの選手		525.7486110000001,0.0	IRCE-Q-J-4S
IMINE2-J-015	マンチェスター サッカー選手		377.745335,0.3142843378635354	IRCE-Q-J-4S
IMINE2-J-015	マンチェスター イングランドのサッカー選手		399.30057,1.1296292186396348	IRCE-Q-J-4S
IMINE2-J-015	マンチェスター サッカー		191.840477,0.8763361759959316	IRCE-Q-J-4S
IMINE2-J-015	マンチェスター コンピュータ史		126.34966,0.6540758168484907	IRCE-Q-J-4S
IMINE2-J-015	マンチェスター出身の人物		253.43504,2.9052790579857235	IRCE-Q-J-4S
IMINE2-J-015	マンチェスター トロフィー		21.033466,0.7008295883884383	IRCE-Q-J-4S
IMINE2-J-015	マンチェスター・シティFCの選手		252.67013500000002,4.1919073442273165	IRCE-Q-J-4S
IMINE2-J-015	マンチェスター ヴィクトリア・メダル受賞者		21.366013,1.118377646704713	IRCE-Q-J-4S
IMINE2-J-016	PS コンピュータゲーム		145.86582499999997,0.8056448412698414	IRCE-Q-J-4S
IMINE2-J-016	PS 人物		88.76672300000001,0.023881481481481483	IRCE-Q-J-4S
IMINE2-J-016	PS 企業		134.8374915,1.2756943853078535	IRCE-Q-J-4S
IMINE2-J-016	PS 自動車		124.02960200000001,1.761282543847696	IRCE-Q-J-4S
IMINE2-J-016	PS ゲームメーカー・ブランドの歴史		78.8489755,0.49249059996460776	IRCE-Q-J-4S
IMINE2-J-016	PS IBMのパーソナルコンピュータ		69.627595,0.8666790436988726	IRCE-Q-J-4S
IMINE2-J-016	PS 日本の作曲家		66.8608485,1.2402582623079967	IRCE-Q-J-4S
IMINE2-J-016	PS ゲーム音楽の作曲家		66.8608485,1.6558060024604944	IRCE-Q-J-4S
IMINE2-J-016	PS 無機化合物		11.142462,0.400384323326199	IRCE-Q-J-4S
IMINE2-J-016	PS 官能基		11.142462,0.744134323326199	IRCE-Q-J-4S
IMINE2-J-017	エレジー 人物		324.3403120000001,	IRCE-Q-J-4S
IMINE2-J-017	エレジー 音楽		182.218565,0.008417824074074076	IRCE-Q-J-4S
IMINE2-J-017	エレジー 詩形		134.82265,0.11841363926178447	IRCE-Q-J-4S
IMINE2-J-017	エレジー 楽式		134.82265,0.4983455274101153	IRCE-Q-J-4S
IMINE2-J-017	エレジー シングル		147.24358600000002,0.7774270034315873	IRCE-Q-J-4S
IMINE2-J-017	エレジー 詩のジャンル		134.82265,1.130831581413717	IRCE-Q-J-4S
IMINE2-J-017	エレジー コングロマリット		16.74134,0.49848523515276066	IRCE-Q-J-4S
IMINE2-J-017	エレジー 日本の歌手		99.006377,1.7919954478258273	IRCE-Q-J-4S
IMINE2-J-017	エレジー 演説		18.256798,1.0459133495072723	IRCE-Q-J-4S
IMINE2-J-017	エレジー ゼネラル・エレクトリック		82.08593,2.3877092035251923	IRCE-Q-J-4S
IMINE2-J-018	クイーンエリザベス諸島		282.311964,0.0	IRCE-Q-J-4S
IMINE2-J-018	エリザベス級戦列艦		259.17370600000004,0.6657703296963909	IRCE-Q-J-4S
IMINE2-J-018	エリザベス 人物		114.966276,0.004320987654320987	IRCE-Q-J-4S
IMINE2-J-018	エリザベス カナダ		310.81426,1.211842603484219	IRCE-Q-J-4S
IMINE2-J-018	エリザベス 軍艦		259.530771,1.5615790520310895	IRCE-Q-J-4S
IMINE2-J-018	エリザベス テューダー朝の人物		229.743223,1.61430036539974	IRCE-Q-J-4S
IMINE2-J-018	エリザベス 人名の曖昧さ回避		144.485643,1.3104923815144602	IRCE-Q-J-4S
IMINE2-J-018	エリザベス ヌナブト準州の島		225.95021999999997,2.407198647283814	IRCE-Q-J-4S
IMINE2-J-018	エリザベス イギリス海軍の同名艦		164.81429200000002,2.275406818166821	IRCE-Q-J-4S
IMINE2-J-018	エリザベス 映画		172.57556900000003,2.5757209933055796	IRCE-Q-J-4S
IMINE2-J-019	ヨセミテ国立公園		462.03956900000003,	IRCE-Q-J-4S
IMINE2-J-019	ヨセミテ 人物		262.95539699999995,0.006374421296296296	IRCE-Q-J-4S
IMINE2-J-019	ヨセミテ アメリカ合衆国		212.07482100000001,0.19981443079735187	IRCE-Q-J-4S
IMINE2-J-019	ヨセミテ カリフォルニア州の地理		179.57631700000002,0.9082296580959577	IRCE-Q-J-4S
IMINE2-J-019	ヨセミテ IUCNカテゴリーIb		58.321692,0.5046948682020176	IRCE-Q-J-4S
IMINE2-J-019	ヨセミテ 登山用品		48.622417999999996,0.6372158460576489	IRCE-Q-J-4S
IMINE2-J-019	ヨセミテ 地形		53.604287,0.8695413956384608	IRCE-Q-J-4S
IMINE2-J-019	ヨセミテ 岩石		28.452768,0.825443428964673	IRCE-Q-J-4S
IMINE2-J-019	ヨセミテ ワーナー・ブラザーズの作品		146.035339,2.274928487553341	IRCE-Q-J-4S
IMINE2-J-019	ヨセミテ 月		27.969433,1.2152969726254477	IRCE-Q-J-4S
IMINE2-J-020	ミンク 人物		151.33559799999998,	IRCE-Q-J-4S
IMINE2-J-020	ミンク イタチ科		141.88124570000002,0.0	IRCE-Q-J-4S
IMINE2-J-020	ミンク 日本の外来種		134.82265,0.5151350308641975	IRCE-Q-J-4S
IMINE2-J-020	ミンク 特定外来生物		134.82265,1.0179438814288502	IRCE-Q-J-4S
IMINE2-J-020	ミンク 水泳選手		89.240825,0.5604700071690495	IRCE-Q-J-4S
IMINE2-J-020	ミンク 日本のシンクロナイズドスイミング選手		89.31415299999998,2.1775743696945127	IRCE-Q-J-4S
IMINE2-J-020	ミンク オリンピック水泳日本代表選手		82.4064057,2.996023517202824	IRCE-Q-J-4S
IMINE2-J-020	ミンク リスター予防医学研究所の人物		6.945115,0.9645868741924157	IRCE-Q-J-4S
IMINE2-J-020	ミンク パスツール研究所の人物		6.945115,1.0456324407817374	IRCE-Q-J-4S
IMINE2-J-020	ミンク 人名の曖昧さ回避		13.813903700000001,1.7150679928061143	IRCE-Q-J-4S
IMINE2-J-021	ミューレン 人物		402.87874500000004,	IRCE-Q-J-4S
IMINE2-J-021	ミューレン ベルン州		129.71439,0.012152777777777776	IRCE-Q-J-4S
IMINE2-J-021	ミューレン スキー場		129.71439,0.6785659905997486	IRCE-Q-J-4S
IMINE2-J-021	ミューレン 同名の地名		72.60897299999999,0.46183723220394945	IRCE-Q-J-4S
IMINE2-J-021	ミューレン 風俗		14.471521,0.3399808476312443	IRCE-Q-J-4S
IMINE2-J-021	ミューレン 都市の一覧		14.346665,0.5147103323517598	IRCE-Q-J-4S
IMINE2-J-021	ミューレン 日本の俳優		85.902046,1.3045663277722408	IRCE-Q-J-4S
IMINE2-J-021	ミューレン ウルフ賞物理学部門受賞者		14.053244,0.7374318354239896	IRCE-Q-J-4S
IMINE2-J-021	ミューレン プラハ・カレル大学の教員		14.205258,0.8951525187997772	IRCE-Q-J-4S
IMINE2-J-021	ミューレン ユトレヒト大学の教員		14.053244,1.013233679507697	IRCE-Q-J-4S
IMINE2-J-022	トマホーク 軍艦		288.32381900000007,	IRCE-Q-J-4S
IMINE2-J-022	トマホーク ロサンゼルス級原子力潜水艦		220.380588,0.14171828620519655	IRCE-Q-J-4S
IMINE2-J-022	トマホーク 人物		153.436439,0.0036882716049382713	IRCE-Q-J-4S
IMINE2-J-022	トマホーク 武器・兵器		225.49843600000003,0.4748765918982329	IRCE-Q-J-4S
IMINE2-J-022	トマホーク アメリカ先住民の文化		159.849444,0.4415830600424088	IRCE-Q-J-4S
IMINE2-J-022	トマホーク 投擲武器		134.82265,0.4147939766653296	IRCE-Q-J-4S
IMINE2-J-022	トマホーク 斧		155.993978,0.7359671793340358	IRCE-Q-J-4S
IMINE2-J-022	トマホーク インディアン戦争		157.046523,1.158333001519331	IRCE-Q-J-4S
IMINE2-J-022	トマホーク タイコンデロガ級ミサイル巡洋艦		195.757875,1.9345368781622618	IRCE-Q-J-4S
IMINE2-J-022	トマホーク スプルーアンス級駆逐艦		160.53272900000002,2.532353649585015	IRCE-Q-J-4S
IMINE2-J-023	鉄拳 人物		332.69840000000005,	IRCE-Q-J-4S
IMINE2-J-023	鉄拳シリーズ		263.177493,0.004976851851851852	IRCE-Q-J-4S
IMINE2-J-023	鉄拳 コンピュータゲーム		160.446266,0.9791128433419305	IRCE-Q-J-4S
IMINE2-J-023	鉄拳 ゲーム音楽の作曲家		87.35951299999999,0.8464355692818035	IRCE-Q-J-4S
IMINE2-J-023	鉄拳 パンク		11.550454,0.4563679986923455	IRCE-Q-J-4S
IMINE2-J-023	鉄拳 イベント		11.805831,0.6512346171778093	IRCE-Q-J-4S
IMINE2-J-023	鉄拳 ワインスタイン・カンパニーの作品		13.020124,0.7840757410078554	IRCE-Q-J-4S
IMINE2-J-023	鉄拳 人名の曖昧さ回避		36.191431,1.1988837043180105	IRCE-Q-J-4S
IMINE2-J-023	鉄拳 日本の武器		24.931894,1.2229399191264538	IRCE-Q-J-4S
IMINE2-J-023	鉄拳 日本の作曲家		87.35951299999999,2.1354290979218677	IRCE-Q-J-4S
IMINE2-J-024	インスタントメッセンジャー		901.0964169999999,	IRCE-Q-J-4S
IMINE2-J-024	メッセンジャー 人物		125.930418,0.0054869684499314125	IRCE-Q-J-4S
IMINE2-J-024	メッセンジャー オープンソース		254.076171,0.31980552558593134	IRCE-Q-J-4S
IMINE2-J-024	メッセンジャー IOSのソフトウェア		257.11907199999996,1.0193838927469134	IRCE-Q-J-4S
IMINE2-J-024	メッセンジャー 生化学		26.467312,0.4881080442111257	IRCE-Q-J-4S
IMINE2-J-024	メッセンジャー IP電話		127.084558,1.19119470555347	IRCE-Q-J-4S
IMINE2-J-024	メッセンジャー テレビ番組		150.862802,1.4831169682027514	IRCE-Q-J-4S
IMINE2-J-024	メッセンジャー 自転車用品		26.631838,0.9807510601427576	IRCE-Q-J-4S
IMINE2-J-024	メッセンジャー ソフトウェア		132.68638099999998,2.0143164449321636	IRCE-Q-J-4S
IMINE2-J-024	メッセンジャー モバイルネットワーク		101.14155299999999,1.900696275449156	IRCE-Q-J-4S
IMINE2-J-025	フィクサー 人物		398.7180039999999,	IRCE-Q-J-4S
IMINE2-J-025	フィクサー 2007年の映画賞		163.72506700000002,0.013020833333333334	IRCE-Q-J-4S
IMINE2-J-025	フィクサー 弁護士		134.82265,0.4671343076375881	IRCE-Q-J-4S
IMINE2-J-025	フィクサー 政治関係者		151.544711,0.7401880491688917	IRCE-Q-J-4S
IMINE2-J-025	フィクサー 日付		17.075987,0.17564228647670488	IRCE-Q-J-4S
IMINE2-J-025	フィクサー アメリカ合衆国の俳優		138.700246,1.14190303136731	IRCE-Q-J-4S
IMINE2-J-025	フィクサー 建築意匠		16.717653,0.5530458203775659	IRCE-Q-J-4S
IMINE2-J-025	フィクサー 1934年生		54.562516,1.1652142355194577	IRCE-Q-J-4S
IMINE2-J-025	フィクサー テレビ制作会社		34.084814,1.2624261105296053	IRCE-Q-J-4S
IMINE2-J-025	フィクサー 人名の曖昧さ回避		52.457395000000005,1.5653934963849072	IRCE-Q-J-4S
IMINE2-J-026	一人暮らし 漫画		668.5033810000001,	IRCE-Q-J-4S
IMINE2-J-026	一人暮らし 美少女ゲーム		255.732843,0.2928193709306175	IRCE-Q-J-4S
IMINE2-J-026	一人暮らし 人物		70.340738,0.010174382716049382	IRCE-Q-J-4S
IMINE2-J-026	一人暮らし 社会問題		48.818323,0.06314823777832894	IRCE-Q-J-4S
IMINE2-J-026	一人暮らし アダルトゲーム		232.64349099999998,0.8624599697481742	IRCE-Q-J-4S
IMINE2-J-026	一人暮らし 恋愛漫画		187.50292100000001,0.9887023003485693	IRCE-Q-J-4S
IMINE2-J-026	一人暮らし 恋愛アドベンチャーゲーム		161.07071399999998,1.3590313687726223	IRCE-Q-J-4S
IMINE2-J-026	一人暮らし 長寿世界一の人物		70.556224,1.298572635564749	IRCE-Q-J-4S
IMINE2-J-026	一人暮らし 1980年代		25.495245,1.0777971894141751	IRCE-Q-J-4S
IMINE2-J-026	一人暮らし 継続中の作品		185.576056,2.6010199942383077	IRCE-Q-J-4S
IMINE2-J-027	テレビ番組		989.5032717999998,0.103683417470489	IRCE-Q-J-4S
IMINE2-J-027	テレビ 映画		518.517208,0.36137172693865477	IRCE-Q-J-4S
IMINE2-J-027	テレビ 放送		282.827568,0.3930215228695032	IRCE-Q-J-4S
IMINE2-J-027	テレビ 生活		141.41378400000002,0.21855669994143656	IRCE-Q-J-4S
IMINE2-J-027	テレビ 流通		188.551712,0.3831415014467167	IRCE-Q-J-4S
IMINE2-J-027	テレビ 映像技術		329.965496,0.860617878952631	IRCE-Q-J-4S
IMINE2-J-027	テレビ メディア問題		235.68964,0.9635958373874289	IRCE-Q-J-4S
IMINE2-J-027	テレビ 光学		47.137928,0.5964548342767462	IRCE-Q-J-4S
IMINE2-J-027	テレビ 健康		94.275856,0.960309258471571	IRCE-Q-J-4S
IMINE2-J-027	テレビ 加工		47.137928,0.9110034485082559	IRCE-Q-J-4S
IMINE2-J-028	阪神タイガース 野球に関する記事		847.5324300000003,0.26734258407661543	IRCE-Q-J-4S
IMINE2-J-028	阪神タイガース 野球		713.7115200000002,0.5557759337537673	IRCE-Q-J-4S
IMINE2-J-028	阪神タイガース 造園		44.60697,0.23606210995548974	IRCE-Q-J-4S
IMINE2-J-028	阪神タイガース 試験		44.60697,0.549662111525789	IRCE-Q-J-4S
IMINE2-J-028	阪神タイガース テレビ番組		579.89061,1.1604181501085609	IRCE-Q-J-4S
IMINE2-J-028	阪神タイガース 人物の愛称		44.60697,0.7497159383022711	IRCE-Q-J-4S
IMINE2-J-028	阪神タイガース 1935年設立の企業		134.82265,0.9616982555274642	IRCE-Q-J-4S
IMINE2-J-028	阪神タイガース 人間の移動		44.60697,1.0336084087014201	IRCE-Q-J-4S
IMINE2-J-028	阪神タイガース ファンダム		44.60697,1.112772585038162	IRCE-Q-J-4S
IMINE2-J-028	阪神タイガース 8月		44.60697,1.287487739009522	IRCE-Q-J-4S
IMINE2-J-029	クレヨンしんちゃん 人物		2568.2190819999987,	IRCE-Q-J-4S
IMINE2-J-029	クレヨンしんちゃんのアニメソング		1155.1278450000002,0.007661485890652557	IRCE-Q-J-4S
IMINE2-J-029	クレヨンしんちゃん アニメ関係者		1101.4133660000002,0.23916011495514408	IRCE-Q-J-4S
IMINE2-J-029	クレヨンしんちゃん 東京都出身の人物		793.649764,0.636281399794935	IRCE-Q-J-4S
IMINE2-J-029	クレヨンしんちゃん シングル		846.1560479999998,0.8400629097927257	IRCE-Q-J-4S
IMINE2-J-029	クレヨンしんちゃん 日本の女性声優		1098.912638,1.3329618454496006	IRCE-Q-J-4S
IMINE2-J-029	クレヨンしんちゃん 1965年生		305.39157,1.2157712145201027	IRCE-Q-J-4S
IMINE2-J-029	クレヨンしんちゃん 日本のアニメーター		676.329476,1.9607199907638093	IRCE-Q-J-4S
IMINE2-J-029	クレヨンしんちゃん 声優		610.9288149999999,2.073086710237828	IRCE-Q-J-4S
IMINE2-J-029	クレヨンしんちゃんのゲーム		789.7082919999999,3.0523683588838058	IRCE-Q-J-4S
IMINE2-J-030	スターウォーズ 人物		527.1994609999999,	IRCE-Q-J-4S
IMINE2-J-030	スターウォーズ 2013年の映画賞		229.936411,0.0010416666666666667	IRCE-Q-J-4S
IMINE2-J-030	スターウォーズ スター・ウォーズの登場人物		152.280658,0.618984105357514	IRCE-Q-J-4S
IMINE2-J-030	スターウォーズ 家具製作会社		21.837648,0.3455457647665165	IRCE-Q-J-4S
IMINE2-J-030	スターウォーズ ミネソタ・ティンバーウルブズの選手		147.46957,1.6197399495343034	IRCE-Q-J-4S
IMINE2-J-030	スターウォーズ プロジェクトバスケットボール項目		147.46957,1.8979625703249867	IRCE-Q-J-4S
IMINE2-J-030	スターウォーズ 映画		128.650097,2.1960307132267576	IRCE-Q-J-4S
IMINE2-J-030	スターウォーズ ウォーターパーク		42.227686,1.5353129156559655	IRCE-Q-J-4S
IMINE2-J-030	スターウォーズ 住宅関連企業		21.837648,1.4381218288700761	IRCE-Q-J-4S
IMINE2-J-030	スターウォーズ アメリカ合衆国の俳優		83.122265,2.612745054249538	IRCE-Q-J-4S
IMINE2-J-031	競艇 スポーツ		998.7570599999997,0.0997979483367191	IRCE-Q-J-4S
IMINE2-J-031	競艇 人物		248.2329965,0.13883021476337448	IRCE-Q-J-4S
IMINE2-J-031	競艇 材料		47.55986,0.09842951426028898	IRCE-Q-J-4S
IMINE2-J-031	競艇 兵役		47.55986,0.3184419665967761	IRCE-Q-J-4S
IMINE2-J-031	競艇 競輪		760.9577599999999,0.8213045294391295	IRCE-Q-J-4S
IMINE2-J-031	競艇 公営競技		515.3015300000001,1.0011818238155503	IRCE-Q-J-4S
IMINE2-J-031	競艇 時計		47.55986,0.7402815590783687	IRCE-Q-J-4S
IMINE2-J-031	競艇 公営競技の放送番組		665.83804,1.705939732718223	IRCE-Q-J-4S
IMINE2-J-031	競艇 オートレース		618.27818,2.2009337172621954	IRCE-Q-J-4S
IMINE2-J-031	競艇 企業		237.79930000000002,1.722196422526697	IRCE-Q-J-4S
IMINE2-J-032	シャチ ゴンドウクジラ		177.52307600000003,	IRCE-Q-J-4S
IMINE2-J-032	シャチ 人物		153.104454,0.0	IRCE-Q-J-4S
IMINE2-J-032	シャチ ハクジラ亜目		134.82265,0.8993055555555556	IRCE-Q-J-4S
IMINE2-J-032	シャチ 動物		86.17410249999999,2.095984585818276	IRCE-Q-J-4S
IMINE2-J-032	シャチ ベラルーシの河川		54.894631000000004,1.6829159878005595	IRCE-Q-J-4S
IMINE2-J-032	シャチ 1975年生		42.143153999999996,1.7548865096899378	IRCE-Q-J-4S
IMINE2-J-032	シャチ 土地		13.294929,0.5421341528686838	IRCE-Q-J-4S
IMINE2-J-032	シャチ ファミリー企業		13.269979,0.8254553821843217	IRCE-Q-J-4S
IMINE2-J-032	シャチ ゴーストタウン		14.344993,1.0224646819234433	IRCE-Q-J-4S
IMINE2-J-032	シャチ アスラ		45.426603,2.59900754833726	IRCE-Q-J-4S
IMINE2-J-033	サンタクロース クリスマス映画		610.7014499999999,0.3922056677243107	IRCE-Q-J-4S
IMINE2-J-033	サンタクロース クリスマス		537.862345,0.6586170520383003	IRCE-Q-J-4S
IMINE2-J-033	サンタクロース 人物		335.96283400000004,0.2058096570032334	IRCE-Q-J-4S
IMINE2-J-033	サンタクロース 映画		379.553727,0.47107812744563143	IRCE-Q-J-4S
IMINE2-J-033	サンタクロース 北極		20.947119,0.3094368083887305	IRCE-Q-J-4S
IMINE2-J-033	サンタクロース アメリカ合衆国のファミリー映画		357.011468,1.5438937664243806	IRCE-Q-J-4S
IMINE2-J-033	サンタクロース 家畜		20.947119,1.0382794400541846	IRCE-Q-J-4S
IMINE2-J-033	サンタクロース パラドックス		21.114048,1.1761870339359035	IRCE-Q-J-4S
IMINE2-J-033	サンタクロース 伝統		21.79595,1.2756528831234313	IRCE-Q-J-4S
IMINE2-J-033	サンタクロース 1939年		52.188713,1.5819152462478507	IRCE-Q-J-4S
IMINE2-J-034	名倉潤 ネプチューン		799.4224679999999,	IRCE-Q-J-4S
IMINE2-J-034	名倉潤 テレビ番組		798.1510189999998,0.15467792857200033	IRCE-Q-J-4S
IMINE2-J-034	名倉潤 人物		379.607204,0.12450874485596707	IRCE-Q-J-4S
IMINE2-J-034	名倉潤 同名の地名		30.691195,0.2453636499993401	IRCE-Q-J-4S
IMINE2-J-034	名倉潤 誘拐を題材とした作品		25.043657,0.3490135806934443	IRCE-Q-J-4S
IMINE2-J-034	名倉潤 1968年生		134.82265,0.7124805727221778	IRCE-Q-J-4S
IMINE2-J-034	名倉潤 お笑い芸人		241.36097,1.3639136688760842	IRCE-Q-J-4S
IMINE2-J-034	名倉潤 珍スポット		17.303688,0.829600560224089	IRCE-Q-J-4S
IMINE2-J-034	名倉潤 渡辺プロ系列所属者		249.048055,2.173984261357883	IRCE-Q-J-4S
IMINE2-J-034	名倉潤 過去の太田プロ所属者		200.42350900000002,2.5484027426323617	IRCE-Q-J-4S
IMINE2-J-035	プリウス ハイブリッドカー		171.214629,	IRCE-Q-J-4S
IMINE2-J-035	プリウス 人物		123.7026585,0.010416666666666666	IRCE-Q-J-4S
IMINE2-J-035	プリウス 企業		93.73045199999999,0.06148271172919882	IRCE-Q-J-4S
IMINE2-J-035	プリウス トヨタの車種		91.429859,0.4104764015078446	IRCE-Q-J-4S
IMINE2-J-035	プリウス 自動車		94.27893499999999,0.6456122054071354	IRCE-Q-J-4S
IMINE2-J-035	プリウス 古代ローマの称号		64.1817165,0.5864692878493145	IRCE-Q-J-4S
IMINE2-J-035	プリウス 1世紀の古代ローマ人		63.832865999999996,0.8245056918618217	IRCE-Q-J-4S
IMINE2-J-035	プリウス ローマ皇帝		78.4349905,1.2845876756280274	IRCE-Q-J-4S
IMINE2-J-035	プリウス 歴史		62.952490499999996,1.171195187811636	IRCE-Q-J-4S
IMINE2-J-035	プリウス ユリウス・クラウディウス家		77.559452,1.718412623748856	IRCE-Q-J-4S
IMINE2-J-036	ウイグル料理 地域別の料理		485.3893280000001,	IRCE-Q-J-4S
IMINE2-J-036	ウイグル料理 食文化		416.59424,0.07490022272948102	IRCE-Q-J-4S
IMINE2-J-036	ウイグル料理 人物		104.359373,0.3226844135802469	IRCE-Q-J-4S
IMINE2-J-036	ウイグル料理 トルコの食文化		206.34934700000002,0.7487637427434517	IRCE-Q-J-4S
IMINE2-J-036	ウイグル料理 新疆ウイグル自治区		224.68347899999998,1.3223724500163252	IRCE-Q-J-4S
IMINE2-J-036	ウイグル料理 中近東の食文化		159.23567300000002,1.3919295930840208	IRCE-Q-J-4S
IMINE2-J-036	ウイグル料理 地域別の中国の食文化		176.091292,2.106824797611052	IRCE-Q-J-4S
IMINE2-J-036	ウイグル料理 東トルキスタン独立運動		164.33617099999998,2.512404876663823	IRCE-Q-J-4S
IMINE2-J-036	ウイグル料理 インドの食文化		126.188784,2.4674615359273497	IRCE-Q-J-4S
IMINE2-J-036	ウイグル料理 中央ユーラシア史		83.72806399999999,2.0907427398602048	IRCE-Q-J-4S
IMINE2-J-037	携帯電話 人物		43.46,0.042417438271604935	IRCE-Q-J-4S
IMINE2-J-037	携帯電話 モバイルネットワーク		482.5026499999999,0.35024826939503334	IRCE-Q-J-4S
IMINE2-J-037	携帯電話 道具		43.46,0.32692468925933066	IRCE-Q-J-4S
IMINE2-J-037	携帯電話 商業施設		43.46,0.4193104232451793	IRCE-Q-J-4S
IMINE2-J-037	携帯電話 1995年設立の企業		43.46,0.549662050955769	IRCE-Q-J-4S
IMINE2-J-037	携帯電話 電気通信		178.28265000000002,0.864554889816209	IRCE-Q-J-4S
IMINE2-J-037	携帯電話 2002年設立の企業		43.46,0.8695203585354478	IRCE-Q-J-4S
IMINE2-J-037	携帯電話 人口		43.46,0.9500846181260081	IRCE-Q-J-4S
IMINE2-J-037	携帯電話 電気機器		43.46,1.1255110319951853	IRCE-Q-J-4S
IMINE2-J-037	携帯電話 1988年設立の企業		43.46,1.1850872780835762	IRCE-Q-J-4S
IMINE2-J-038	しょこたん シングル		453.52492499999994,	IRCE-Q-J-4S
IMINE2-J-038	しょこたん 人物		340.7690800000001,0.004050925925925926	IRCE-Q-J-4S
IMINE2-J-038	しょこたん 中川翔子		316.422264,0.3710853189186298	IRCE-Q-J-4S
IMINE2-J-038	しょこたん アルバム		223.742876,0.6737756607309744	IRCE-Q-J-4S
IMINE2-J-038	しょこたん 中川翔子の楽曲		240.862817,0.9823833969120086	IRCE-Q-J-4S
IMINE2-J-038	しょこたん テレビ番組		172.567978,1.294400738194203	IRCE-Q-J-4S
IMINE2-J-038	しょこたん 中川翔子のアルバム		223.742876,1.8134804377507692	IRCE-Q-J-4S
IMINE2-J-038	しょこたん 風俗		23.034437,0.7081515322264632	IRCE-Q-J-4S
IMINE2-J-038	しょこたん 東京都出身の人物		111.016964,1.8185289609683668	IRCE-Q-J-4S
IMINE2-J-038	しょこたん 健康教育		26.480928,1.2021858510819887	IRCE-Q-J-4S
IMINE2-J-039	テイルズ 人物		556.9433650000001,	IRCE-Q-J-4S
IMINE2-J-039	テイルズ コンピュータゲーム		190.24578,0.023881481481481483	IRCE-Q-J-4S
IMINE2-J-039	テイルズ ゲームクリエイター		164.52413699999997,0.35490054565917134	IRCE-Q-J-4S
IMINE2-J-039	テイルズ 日本の漫画家		115.78322749999998,0.6585757241480025	IRCE-Q-J-4S
IMINE2-J-039	テイルズ 日本の女性声優		115.04513850000001,1.1510199742541443	IRCE-Q-J-4S
IMINE2-J-039	テイルズ 2012年設立の企業		14.545851,0.6248271024860445	IRCE-Q-J-4S
IMINE2-J-039	テイルズ シングル		159.75710950000004,1.7843862379734792	IRCE-Q-J-4S
IMINE2-J-039	テイルズ 日本のイラストレーター		102.5161785,2.1792682716758853	IRCE-Q-J-4S
IMINE2-J-039	テイルズ 食玩		14.621902,1.5883378454217616	IRCE-Q-J-4S
IMINE2-J-039	テイルズ 2008年設立の企業		14.400625,1.8017520442209087	IRCE-Q-J-4S
IMINE2-J-040	ポケモン ポケットモンスター		658.049689,	IRCE-Q-J-4S
IMINE2-J-040	ポケモン コンピュータゲーム		506.0534369999999,0.1664201571001107	IRCE-Q-J-4S
IMINE2-J-040	ポケモン ポケットモンスター関連のゲームソフト		559.3241059999999,0.7491974382599235	IRCE-Q-J-4S
IMINE2-J-040	ポケモン 人物		132.6984,0.11138148148148147	IRCE-Q-J-4S
IMINE2-J-040	ポケモン ミリオンセラーのゲームソフト		159.56340200000002,1.4640365772272665	IRCE-Q-J-4S
IMINE2-J-040	ポケモン トレーディングカード		26.74551,0.9391164647018434	IRCE-Q-J-4S
IMINE2-J-040	ポケモン 2001年のコンピュータゲーム		106.32462100000001,1.983760192889212	IRCE-Q-J-4S
IMINE2-J-040	ポケモン 架空の学者		26.64779,1.4847613206502899	IRCE-Q-J-4S
IMINE2-J-040	ポケモン 漫画		133.320858,2.758906459682064	IRCE-Q-J-4S
IMINE2-J-040	ポケモン 2000年代の玩具		26.652319,1.8345275028307597	IRCE-Q-J-4S
IMINE2-J-041	メガネ 日本の眼鏡店		578.3872350000001,	IRCE-Q-J-4S
IMINE2-J-041	メガネ 企業		575.1511260000001,0.06887786095155084	IRCE-Q-J-4S
IMINE2-J-041	メガネ 人物		163.177258,0.03177420910493827	IRCE-Q-J-4S
IMINE2-J-041	メガネ 眼鏡		193.647945,0.4333511275804901	IRCE-Q-J-4S
IMINE2-J-041	メガネ 光学機器		18.440052,0.21474147383241168	IRCE-Q-J-4S
IMINE2-J-041	メガネ レンズ		26.964529,0.4874045980692164	IRCE-Q-J-4S
IMINE2-J-041	メガネ 1980年設立の企業		37.133314,0.7035557913950828	IRCE-Q-J-4S
IMINE2-J-041	メガネ 安全機器		17.630001,0.7053759255184667	IRCE-Q-J-4S
IMINE2-J-041	メガネ 1952年設立の企業		18.982662,0.8482580043838577	IRCE-Q-J-4S
IMINE2-J-041	メガネ 民俗学		18.211016,0.9291629242934099	IRCE-Q-J-4S
IMINE2-J-042	ねこ 人物		251.88237500000002,	IRCE-Q-J-4S
IMINE2-J-042	ねこねこソフト		121.21375700000002,0.006018518518518518	IRCE-Q-J-4S
IMINE2-J-042	ねこ 日本の漫画家		98.92897400000001,0.742366373135288	IRCE-Q-J-4S
IMINE2-J-042	ねこ 漫画		98.46963999999998,0.924104285866422	IRCE-Q-J-4S
IMINE2-J-042	ねこ ネコを主人公にした物語		109.706094,1.535555370402868	IRCE-Q-J-4S
IMINE2-J-042	やまねこ座		55.087862,1.5160668325426268	IRCE-Q-J-4S
IMINE2-J-042	ねこ 天文学に関する記事		55.023197999999994,1.7000164187528577	IRCE-Q-J-4S
IMINE2-J-042	ねこ 漫画家		87.731694,2.793194512578272	IRCE-Q-J-4S
IMINE2-J-042	ねこ 家畜		26.964529,1.2670284557480325	IRCE-Q-J-4S
IMINE2-J-042	ねこ 恒星		10.963757,0.9139488876953429	IRCE-Q-J-4S
IMINE2-J-043	紙飛行機 人物		413.46960199999995,	IRCE-Q-J-4S
IMINE2-J-043	紙飛行機 シングル		204.69868600000004,0.004050925925925926	IRCE-Q-J-4S
IMINE2-J-043	紙飛行機 模型航空機		183.701296,0.1468051877564463	IRCE-Q-J-4S
IMINE2-J-043	紙飛行機 折り紙		192.074683,0.44730289231736586	IRCE-Q-J-4S
IMINE2-J-043	紙飛行機 参照方法		184.836725,0.698773974867725	IRCE-Q-J-4S
IMINE2-J-043	紙飛行機 グライダー		155.379323,0.6923204062142059	IRCE-Q-J-4S
IMINE2-J-043	紙飛行機 玩具		134.82265,0.6998606186782087	IRCE-Q-J-4S
IMINE2-J-043	紙飛行機 子供の遊び		134.82265,1.145983917335503	IRCE-Q-J-4S
IMINE2-J-043	紙飛行機 アルバム		189.80772300000004,1.6903013192797374	IRCE-Q-J-4S
IMINE2-J-043	紙飛行機 科学啓蒙		28.505981,0.5537149780274728	IRCE-Q-J-4S
IMINE2-J-044	東京　お土産 食文化		392.566879,	IRCE-Q-J-4S
IMINE2-J-044	東京　お土産 土産菓子		377.757697,0.0633570039223251	IRCE-Q-J-4S
IMINE2-J-044	東京　お土産 菓子の商品名		184.41505100000003,0.3956091855593778	IRCE-Q-J-4S
IMINE2-J-044	東京　お土産 日本の都市		134.82265,0.40495598164390834	IRCE-Q-J-4S
IMINE2-J-044	東京　お土産 道路		157.104814,0.7231057222108978	IRCE-Q-J-4S
IMINE2-J-044	東京　お土産 人物		25.639637,0.34380321930727026	IRCE-Q-J-4S
IMINE2-J-044	東京　お土産 東京都		134.82265,1.1611385538646493	IRCE-Q-J-4S
IMINE2-J-044	東京　お土産 企業		137.479839,1.256114394272496	IRCE-Q-J-4S
IMINE2-J-044	東京　お土産 テレビ番組		141.19270699999998,1.8623295209437691	IRCE-Q-J-4S
IMINE2-J-044	東京　お土産 関東地方		134.82265,2.077255690246137	IRCE-Q-J-4S
IMINE2-J-045	グリュックスブルク家デンマーク系		309.422213,	IRCE-Q-J-4S
IMINE2-J-045	デンマーク 人物		254.998703,0.210570987654321	IRCE-Q-J-4S
IMINE2-J-045	デンマーク 北ヨーロッパ		218.397401,0.1796059865650653	IRCE-Q-J-4S
IMINE2-J-045	デンマークの歴史		164.234108,0.4914271715345894	IRCE-Q-J-4S
IMINE2-J-045	デンマーク 欧州連合加盟国		134.82265,0.6752216252744928	IRCE-Q-J-4S
IMINE2-J-045	デンマーク 君主国		134.82265,0.9222675043878007	IRCE-Q-J-4S
IMINE2-J-045	デンマーク王室		181.98324599999998,1.552408313695728	IRCE-Q-J-4S
IMINE2-J-045	デンマーク リンクのみの節がある記事		134.82265,1.3171743055555556	IRCE-Q-J-4S
IMINE2-J-045	デンマーク コペンハーゲン出身の人物		145.520937,1.645293888406938	IRCE-Q-J-4S
IMINE2-J-045	デンマーク 人名の曖昧さ回避		109.538474,1.4587932943284703	IRCE-Q-J-4S
IMINE2-J-046	ガーデニング 園芸		523.1938329999999,0.16980237075565952	IRCE-Q-J-4S
IMINE2-J-046	ガーデニング 農業		386.111127,0.1472943737387104	IRCE-Q-J-4S
IMINE2-J-046	ガーデニング 園芸学		452.092723,0.41042051369603944	IRCE-Q-J-4S
IMINE2-J-046	ガーデニング 造園		381.33679299999994,0.4402171042249602	IRCE-Q-J-4S
IMINE2-J-046	ガーデニング 人物		299.610719,0.3451399739583333	IRCE-Q-J-4S
IMINE2-J-046	ガーデニング 造園教育		353.165888,0.7799799077202433	IRCE-Q-J-4S
IMINE2-J-046	ガーデニング 建築		297.215127,0.7233959227306105	IRCE-Q-J-4S
IMINE2-J-046	ガーデニング 花卉		356.52497999999997,1.0229944789791037	IRCE-Q-J-4S
IMINE2-J-046	ガーデニング 学校		321.620309,1.3991493455055948	IRCE-Q-J-4S
IMINE2-J-046	ガーデニング 土壌		152.79641999999998,0.8877160192380774	IRCE-Q-J-4S
IMINE2-J-047	t検定 数学に関する記事		445.66889150000003,	IRCE-Q-J-4S
IMINE2-J-047	t検定 人物		348.4714704999999,0.014243915343915342	IRCE-Q-J-4S
IMINE2-J-047	t検定 統計検定		214.766796,0.13699120465519565	IRCE-Q-J-4S
IMINE2-J-047	t検定 統計学		136.945832,0.39343992168053243	IRCE-Q-J-4S
IMINE2-J-047	t検定 学校		56.705096499999996,0.3878598063297607	IRCE-Q-J-4S
IMINE2-J-047	t検定 東京都出身の人物		78.84462149999999,0.7333187471868232	IRCE-Q-J-4S
IMINE2-J-047	t検定 日本のタレント		96.03966199999999,1.1892719071468039	IRCE-Q-J-4S
IMINE2-J-047	t検定 アイドル		68.38556700000001,1.1135372229614886	IRCE-Q-J-4S
IMINE2-J-047	t検定 仮説		15.133769,0.4905832365452872	IRCE-Q-J-4S
IMINE2-J-047	t検定 電気機器		13.034641,0.5733196446340005	IRCE-Q-J-4S
IMINE2-J-048	神田沙也加 人物		1088.329177,	IRCE-Q-J-4S
IMINE2-J-048	神田沙也加 松田聖子の楽曲		462.668713,0.08680555555555555	IRCE-Q-J-4S
IMINE2-J-048	神田沙也加 日本の俳優		420.5501249999999,0.7577384289400076	IRCE-Q-J-4S
IMINE2-J-048	神田沙也加 東京都出身の人物		299.136742,0.84447622998352	IRCE-Q-J-4S
IMINE2-J-048	神田沙也加 松田聖子が制作した楽曲		248.78869400000002,1.432404083312421	IRCE-Q-J-4S
IMINE2-J-048	神田沙也加 1986年生		134.82265,1.3328373601073267	IRCE-Q-J-4S
IMINE2-J-048	神田沙也加 企業		142.369813,1.6684315648651857	IRCE-Q-J-4S
IMINE2-J-048	神田沙也加 日本のアイドル		213.763057,2.190157643426756	IRCE-Q-J-4S
IMINE2-J-048	神田沙也加 人名の曖昧さ回避		100.751876,1.7787502308690009	IRCE-Q-J-4S
IMINE2-J-048	神田沙也加 地球を題材とした楽曲		44.54613,1.5845958101246453	IRCE-Q-J-4S
IMINE2-J-049	ヴィレッジヴァンガード 企業		845.876756,	IRCE-Q-J-4S
IMINE2-J-049	ヴィレッジヴァンガード 人物		677.4409650000001,0.010833333333333332	IRCE-Q-J-4S
IMINE2-J-049	ヴィレッジヴァンガード イオンショッピングセンター		677.6238129999999,0.07510972145195688	IRCE-Q-J-4S
IMINE2-J-049	ヴィレッジヴァンガード 2000年開業の施設		318.673602,0.5653074979948294	IRCE-Q-J-4S
IMINE2-J-049	ヴィレッジヴァンガード イオンモール		446.676646,1.4044372247924197	IRCE-Q-J-4S
IMINE2-J-049	ヴィレッジヴァンガード サブカルチャー		57.30184,0.5653019929561763	IRCE-Q-J-4S
IMINE2-J-049	ヴィレッジヴァンガード 沖縄県のショッピングセンター		284.547117,2.5680759029388125	IRCE-Q-J-4S
IMINE2-J-049	ヴィレッジヴァンガード 日本のシンガーソングライター		235.64063099999998,2.989276801616664	IRCE-Q-J-4S
IMINE2-J-049	ヴィレッジヴァンガード アルバム		251.048988,3.4790201173013258	IRCE-Q-J-4S
IMINE2-J-049	ヴィレッジヴァンガード フリーライター		46.5813,1.986094117783363	IRCE-Q-J-4S
IMINE2-J-050	キティちゃん 人物		1026.276141,	IRCE-Q-J-4S
IMINE2-J-050	キティちゃん ハローキティ		206.45161199999998,0.09646990740740741	IRCE-Q-J-4S
IMINE2-J-050	キティちゃん 科学啓蒙		22.217714,0.07860850337219936	IRCE-Q-J-4S
IMINE2-J-050	キティちゃん 東京都出身の人物		197.499854,0.6578486897658288	IRCE-Q-J-4S
IMINE2-J-050	キティちゃん 日本の女性声優		247.61655199999998,1.2068789442856287	IRCE-Q-J-4S
IMINE2-J-050	キティちゃん アイドル		175.940264,1.1576642978662979	IRCE-Q-J-4S
IMINE2-J-050	キティちゃん 知的財産権		25.676167,0.8004550203021459	IRCE-Q-J-4S
IMINE2-J-050	キティちゃん 1959年生		95.650271,1.309099651913658	IRCE-Q-J-4S
IMINE2-J-050	キティちゃん ブロック玩具		34.980038,1.1276087586048862	IRCE-Q-J-4S
IMINE2-J-050	キティちゃん 声優		157.78789099999997,2.247877175325522	IRCE-Q-J-4S
IMINE2-J-051	視力 改善 目		259.64895400000006,	IRCE-Q-J-4S
IMINE2-J-051	視力 改善 眼科学		238.12775800000003,0.3892682622256371	IRCE-Q-J-4S
IMINE2-J-051	視力 改善 医学		214.51103349999997,0.7914344637535315	IRCE-Q-J-4S
IMINE2-J-051	視力 改善 眼疾患		191.709986,0.8293068247179063	IRCE-Q-J-4S
IMINE2-J-051	視力 改善 人物		112.127202,0.3603624828532236	IRCE-Q-J-4S
IMINE2-J-051	視力 改善 技術問題		11.048965,0.23176891165070532	IRCE-Q-J-4S
IMINE2-J-051	視力 改善 症候		57.572525,1.0895104850639874	IRCE-Q-J-4S
IMINE2-J-051	視力 改善 恒星		10.917354,0.6404495399894524	IRCE-Q-J-4S
IMINE2-J-051	視力 改善 レンズ		11.217215,0.7766646332441178	IRCE-Q-J-4S
IMINE2-J-051	視力 改善 医療機器		22.707742,1.097773424797924	IRCE-Q-J-4S
IMINE2-J-052	肥満 予防 指標		323.22645,0.07610869843426121	IRCE-Q-J-4S
IMINE2-J-052	肥満 予防 健康		357.517377,0.28939857471352914	IRCE-Q-J-4S
IMINE2-J-052	肥満 予防 栄養学		239.813972,0.5365351433876094	IRCE-Q-J-4S
IMINE2-J-052	肥満 予防 症候		199.87931,0.6970264026218931	IRCE-Q-J-4S
IMINE2-J-052	肥満 予防 産業		11.649222,0.30861133616255143	IRCE-Q-J-4S
IMINE2-J-052	肥満 予防 化学物質		12.410537,0.41159371079035745	IRCE-Q-J-4S
IMINE2-J-052	肥満 予防 美容		198.10067949999998,1.0505703357574976	IRCE-Q-J-4S
IMINE2-J-052	肥満 予防 質量		118.806933,0.9615579915271113	IRCE-Q-J-4S
IMINE2-J-052	肥満 予防 動物		53.871075,0.8704483046167355	IRCE-Q-J-4S
IMINE2-J-052	肥満 予防 同名の地名		11.810917,0.7916357173509481	IRCE-Q-J-4S
IMINE2-J-053	育毛 人物		247.27146950000002,	IRCE-Q-J-4S
IMINE2-J-053	育毛 企業		169.65245,0.010833333333333332	IRCE-Q-J-4S
IMINE2-J-053	育毛 化粧品メーカー・ブランド		111.68581549999999,0.1605786500164128	IRCE-Q-J-4S
IMINE2-J-053	育毛 美容		97.3230225,0.547715354200473	IRCE-Q-J-4S
IMINE2-J-053	育毛 医薬品		63.3354705,0.49655204744805037	IRCE-Q-J-4S
IMINE2-J-053	育毛 医薬部外品		76.603315,0.9336144609370808	IRCE-Q-J-4S
IMINE2-J-053	育毛 薬学		73.36036,1.0268678089550067	IRCE-Q-J-4S
IMINE2-J-053	育毛 皮膚疾患		71.56318,1.2628762064039494	IRCE-Q-J-4S
IMINE2-J-053	育毛 髪		91.9022465,2.121594286012927	IRCE-Q-J-4S
IMINE2-J-053	育毛 病気		40.360417,1.3193426378123467	IRCE-Q-J-4S
IMINE2-J-054	のどの痛み 直し方 医学		691.4497669999998,	IRCE-Q-J-4S
IMINE2-J-054	のどの痛み 直し方 症候		414.73979599999996,0.046731084151906674	IRCE-Q-J-4S
IMINE2-J-054	のどの痛み 直し方 整形外科学		188.543669,0.2168702678998586	IRCE-Q-J-4S
IMINE2-J-054	のどの痛み 直し方 薬学		246.04947500000003,0.5566339327262899	IRCE-Q-J-4S
IMINE2-J-054	のどの痛み 直し方 神経学		170.43290199999998,0.5071062113096363	IRCE-Q-J-4S
IMINE2-J-054	のどの痛み 直し方 病気		118.22537699999998,0.5475967244999915	IRCE-Q-J-4S
IMINE2-J-054	のどの痛み 直し方 仮説		24.268278,0.32306708025301173	IRCE-Q-J-4S
IMINE2-J-054	のどの痛み 直し方 麻酔科学		128.619664,0.8262712084847158	IRCE-Q-J-4S
IMINE2-J-054	のどの痛み 直し方 内科学		100.151939,0.9209782674147954	IRCE-Q-J-4S
IMINE2-J-054	のどの痛み 直し方 経穴		115.568245,1.1825431474461214	IRCE-Q-J-4S
IMINE2-J-055	ホワイトニング 人物		546.0697650000001,	IRCE-Q-J-4S
IMINE2-J-055	ホワイトニング 歯学		210.43277,0.02700617283950617	IRCE-Q-J-4S
IMINE2-J-055	ホワイトニング 歯科医療		260.557318,0.18436109384525984	IRCE-Q-J-4S
IMINE2-J-055	ホワイトニング アメリカ合衆国の俳優		122.82834299999999,0.5477668373306754	IRCE-Q-J-4S
IMINE2-J-055	ホワイトニング 全米映画俳優組合賞		72.549573,0.5912243080255078	IRCE-Q-J-4S
IMINE2-J-055	ホワイトニング 診療科		49.635164,0.5782937833817797	IRCE-Q-J-4S
IMINE2-J-055	ホワイトニング 空対空ロケット弾		23.290236,0.6862204493988567	IRCE-Q-J-4S
IMINE2-J-055	ホワイトニング アルバム		123.709436,1.3978851615372683	IRCE-Q-J-4S
IMINE2-J-055	ホワイトニング 1932年設立の企業		23.901806,0.9356755330442915	IRCE-Q-J-4S
IMINE2-J-055	ホワイトニング 医療資格		30.423996,1.218561404613912	IRCE-Q-J-4S
IMINE2-J-056	O脚 直し方 部首		145.239728,	IRCE-Q-J-4S
IMINE2-J-056	O脚 直し方 人物		125.999476,0.0	IRCE-Q-J-4S
IMINE2-J-056	O脚 直し方 漢字		63.507383000000004,0.4220661941084729	IRCE-Q-J-4S
IMINE2-J-056	O脚 直し方 学校		76.97207850000001,0.8567663099218833	IRCE-Q-J-4S
IMINE2-J-056	O脚 直し方 日本の文化		32.068304999999995,0.7392548062472623	IRCE-Q-J-4S
IMINE2-J-056	O脚 直し方 動物		62.410011999999995,1.4451447361602174	IRCE-Q-J-4S
IMINE2-J-056	O脚 直し方 法医学		14.211166,0.6572906014433352	IRCE-Q-J-4S
IMINE2-J-056	O脚 直し方 1989年設立の航空会社		12.063556,0.768544217149985	IRCE-Q-J-4S
IMINE2-J-056	O脚 直し方 建築		52.71653,1.9215269915822515	IRCE-Q-J-4S
IMINE2-J-056	O脚 直し方 椅子		24.127112,1.3041961780611637	IRCE-Q-J-4S
IMINE2-J-057	盗聴器 探し方 企業		258.44641299999995,	IRCE-Q-J-4S
IMINE2-J-057	盗聴器 探し方 日本の医療機器メーカー		94.596169,0.07977809526602112	IRCE-Q-J-4S
IMINE2-J-057	盗聴器 探し方 無線		78.017679,0.20210589934817444	IRCE-Q-J-4S
IMINE2-J-057	盗聴器 探し方 漫画		120.93100399999999,0.6010291313859915	IRCE-Q-J-4S
IMINE2-J-057	盗聴器 探し方 通信		73.62376400000001,0.385758195749251	IRCE-Q-J-4S
IMINE2-J-057	盗聴器 探し方 人物		41.283913,0.19179025205761316	IRCE-Q-J-4S
IMINE2-J-057	盗聴器 探し方 音響機器		71.14811,0.6517554645874901	IRCE-Q-J-4S
IMINE2-J-057	盗聴器 探し方 犯罪・事件		80.100161,0.9603298295265107	IRCE-Q-J-4S
IMINE2-J-057	盗聴器 探し方 プライバシー		67.548492,0.9786571179897949	IRCE-Q-J-4S
IMINE2-J-057	盗聴器 探し方 医療機器メーカー		61.730211499999996,1.1262303406464285	IRCE-Q-J-4S
IMINE2-J-058	速読　方法 人物		510.7646709999999,	IRCE-Q-J-4S
IMINE2-J-058	速読　方法 東京都出身の人物		109.532119,0.1538065843621399	IRCE-Q-J-4S
IMINE2-J-058	速読　方法 学習塾		86.99441300000001,0.28624039518115607	IRCE-Q-J-4S
IMINE2-J-058	速読　方法 JIS		9.685675,0.05409686499771376	IRCE-Q-J-4S
IMINE2-J-058	速読　方法 1987年生		51.604583,0.5605469401852035	IRCE-Q-J-4S
IMINE2-J-058	速読　方法 能力開発		89.5960175,1.0064085049605724	IRCE-Q-J-4S
IMINE2-J-058	速読　方法 読書		48.562028999999995,0.9475138915436015	IRCE-Q-J-4S
IMINE2-J-058	速読　方法 Non-noのモデル		13.852647,0.7549703031013276	IRCE-Q-J-4S
IMINE2-J-058	速読　方法 方法論		26.964529,1.0019690666090364	IRCE-Q-J-4S
IMINE2-J-058	速読　方法 予備校講師		83.177231,1.863265452931742	IRCE-Q-J-4S
IMINE2-J-059	周期表 覚え方 元素群		969.958482,	IRCE-Q-J-4S
IMINE2-J-059	周期表 覚え方 元素		545.3140669999999,0.2700617283950617	IRCE-Q-J-4S
IMINE2-J-059	周期表 覚え方 人物		71.25122999999999,0.018472222222222223	IRCE-Q-J-4S
IMINE2-J-059	周期表 覚え方 19世紀の自然科学者		132.403222,0.48382699842860427	IRCE-Q-J-4S
IMINE2-J-059	周期表 覚え方 金属		98.577283,0.527275702957232	IRCE-Q-J-4S
IMINE2-J-059	周期表 覚え方 カールスルーエ大学の教員		28.955582,0.4497928069747149	IRCE-Q-J-4S
IMINE2-J-059	周期表 覚え方 エバーハルト・カール大学テュービンゲンの教員		28.955582,0.5656443033310249	IRCE-Q-J-4S
IMINE2-J-059	周期表 覚え方 化学		188.596387,1.1017668438053696	IRCE-Q-J-4S
IMINE2-J-059	周期表 覚え方 パレルモ大学の教員		25.214008,0.700732095662129	IRCE-Q-J-4S
IMINE2-J-059	周期表 覚え方 原子核物理学		124.27521600000001,1.1663786714386757	IRCE-Q-J-4S
IMINE2-J-060	ruby 勉強 自転車		358.36364100000003,	IRCE-Q-J-4S
IMINE2-J-060	ruby 勉強 UCIワールドカレンダー2010		172.29166400000003,0.09545302319101508	IRCE-Q-J-4S
IMINE2-J-060	ruby 勉強 スポーツ		143.31147600000003,0.533831471601526	IRCE-Q-J-4S
IMINE2-J-060	ruby 勉強 2012年の自転車競技大会		158.12172299999997,0.8145541396836576	IRCE-Q-J-4S
IMINE2-J-060	ruby 勉強 2011年の自転車競技大会		158.01413599999998,1.3141973490076186	IRCE-Q-J-4S
IMINE2-J-060	ruby 勉強 2011年のベルギー		71.645907,1.391365017230873	IRCE-Q-J-4S
IMINE2-J-060	ruby 勉強 UCIワールドカレンダー2009		158.17090400000004,2.7614297891764212	IRCE-Q-J-4S
IMINE2-J-060	ruby 勉強 文学		14.270969,1.31311895268762	IRCE-Q-J-4S
IMINE2-J-060	ruby 勉強 2009年のオーストラリア		14.383702,1.4347375309668993	IRCE-Q-J-4S
IMINE2-J-060	ruby 勉強 2010年のオーストラリア		14.37731,1.5636173106308229	IRCE-Q-J-4S
IMINE2-J-061	韓国語 学習 人物		410.561366,	IRCE-Q-J-4S
IMINE2-J-061	韓国語 学習 朝鮮		160.582,0.0022370370370370365	IRCE-Q-J-4S
IMINE2-J-061	韓国語 学習 韓国の私立大学		102.259034,0.2209185435558059	IRCE-Q-J-4S
IMINE2-J-061	韓国語 学習 俳優		160.923819,0.6223375430456757	IRCE-Q-J-4S
IMINE2-J-061	韓国語 学習 学校		116.580168,0.8355611634734198	IRCE-Q-J-4S
IMINE2-J-061	韓国語 学習 朝鮮語		70.991119,0.6789227890627081	IRCE-Q-J-4S
IMINE2-J-061	韓国語 学習 韓国の俳優		117.203273,1.4203748070842668	IRCE-Q-J-4S
IMINE2-J-061	韓国語 学習 大学		102.289981,1.473236997247428	IRCE-Q-J-4S
IMINE2-J-061	韓国語 学習 ソウル特別市出身の人物		88.122516,1.597683965642067	IRCE-Q-J-4S
IMINE2-J-061	韓国語 学習 学者		88.9424575,1.8854203709808417	IRCE-Q-J-4S
IMINE2-J-062	TOEIC 対策 人物		615.3508880000005,	IRCE-Q-J-4S
IMINE2-J-062	TOEIC 対策 英語教育		189.7866845,0.07504115226337447	IRCE-Q-J-4S
IMINE2-J-062	TOEIC 対策 語学検定		128.355386,0.21942953675363094	IRCE-Q-J-4S
IMINE2-J-062	TOEIC 対策 アナウンサー		104.96179649999999,0.23222349535064035	IRCE-Q-J-4S
IMINE2-J-062	TOEIC 対策 英語学者		119.69278000000001,0.5256147599845739	IRCE-Q-J-4S
IMINE2-J-062	TOEIC 対策 外国語学校		97.264341,0.7239626533518492	IRCE-Q-J-4S
IMINE2-J-062	TOEIC 対策 東京都出身の人物		121.08314250000001,1.1374841683005896	IRCE-Q-J-4S
IMINE2-J-062	TOEIC 対策 教育ソフトウェア		92.18083800000001,1.210294838751851	IRCE-Q-J-4S
IMINE2-J-062	TOEIC 対策 翻訳		13.381487,0.7589201398377665	IRCE-Q-J-4S
IMINE2-J-062	TOEIC 対策 民間資格		59.475404999999995,1.2783564580330418	IRCE-Q-J-4S
IMINE2-J-063	小論文　書き方 人物		929.726687,	IRCE-Q-J-4S
IMINE2-J-063	小論文　書き方 予備校講師		351.778871,0.1429398148148148	IRCE-Q-J-4S
IMINE2-J-063	小論文　書き方 日本の評論家		307.49947299999997,0.5918397317582265	IRCE-Q-J-4S
IMINE2-J-063	小論文　書き方 東京都出身の人物		175.898527,0.8714508520209843	IRCE-Q-J-4S
IMINE2-J-063	小論文　書き方 文人		196.14492299999998,1.0358036151509196	IRCE-Q-J-4S
IMINE2-J-063	小論文　書き方 日本の文学研究者		168.437419,1.1848470407920555	IRCE-Q-J-4S
IMINE2-J-063	小論文　書き方 高等教育		33.97551,0.5634092516613278	IRCE-Q-J-4S
IMINE2-J-063	小論文　書き方 文書		53.483540000000005,0.8650127648223441	IRCE-Q-J-4S
IMINE2-J-063	小論文　書き方 学者		160.833946,1.6328651229315851	IRCE-Q-J-4S
IMINE2-J-063	小論文　書き方 日本の言語学者		138.991178,1.6974234149253478	IRCE-Q-J-4S
IMINE2-J-064	マイホーム 購入 人物		320.73903699999994,	IRCE-Q-J-4S
IMINE2-J-064	マイホーム 購入 インディカー・シリーズ		151.282747,0.020031721536351164	IRCE-Q-J-4S
IMINE2-J-064	マイホーム 購入 企業		135.340831,0.07329782471732628	IRCE-Q-J-4S
IMINE2-J-064	マイホーム 購入 コンピュータゲーム		132.907054,0.6128445281503767	IRCE-Q-J-4S
IMINE2-J-064	マイホーム 購入 貸与		20.476297,0.21334961719821674	IRCE-Q-J-4S
IMINE2-J-064	マイホーム 購入 KKヘモファームの選手		19.311771,0.2573712803042056	IRCE-Q-J-4S
IMINE2-J-064	マイホーム 購入 テレビ番組		114.820926,1.1614998846199018	IRCE-Q-J-4S
IMINE2-J-064	マイホーム 購入 日本の建設会社		63.643662,0.9590920525660721	IRCE-Q-J-4S
IMINE2-J-064	マイホーム 購入 映画		113.797302,1.7286862211316971	IRCE-Q-J-4S
IMINE2-J-064	マイホーム 購入 住宅関連企業		63.643662,1.280473423335407	IRCE-Q-J-4S
IMINE2-J-065	ギター 弾く 楽器		947.1620689999997,0.06741057099658493	IRCE-Q-J-4S
IMINE2-J-065	ギター 弾く 人物		233.15215950000004,0.002384259259259259	IRCE-Q-J-4S
IMINE2-J-065	ギター 弾く クラシックギター		200.2414025,0.306428465792181	IRCE-Q-J-4S
IMINE2-J-065	ギター 弾く 音響機器		100.9224,0.4508476762572682	IRCE-Q-J-4S
IMINE2-J-065	ギター 弾く 弦楽器		100.9224,0.658085636004334	IRCE-Q-J-4S
IMINE2-J-065	ギター 弾く 各国の見本市		50.4612,0.7378891100968579	IRCE-Q-J-4S
IMINE2-J-065	ギター 弾く 1956年設立の企業		9.657763,0.9073603210575113	IRCE-Q-J-4S
IMINE2-J-065	ギター 弾く ハバナ出身の人物		9.730054,1.1809550114849883	IRCE-Q-J-4S
IMINE2-J-065	ギター 弾く 音楽家		135.96813999999998,1.9438658679598495	IRCE-Q-J-4S
IMINE2-J-065	ギター 弾く ハードウェア		50.4612,1.604803819846873	IRCE-Q-J-4S
IMINE2-J-066	ゴルフ 上達 環境問題		48.925434,0.12579293999462313	IRCE-Q-J-4S
IMINE2-J-066	ゴルフ 上達 スポーツ器具		97.850868,0.23997526569290453	IRCE-Q-J-4S
IMINE2-J-066	ゴルフ 上達 人物		148.3918185,0.41458172582304526	IRCE-Q-J-4S
IMINE2-J-066	ゴルフ 上達 2011年設立の企業		12.527502,0.3315153538478597	IRCE-Q-J-4S
IMINE2-J-066	ゴルフ 上達 企業		416.288599,0.6859941453836077	IRCE-Q-J-4S
IMINE2-J-066	ゴルフ 上達 日本の国内競技連盟		12.478527,0.5347195186312789	IRCE-Q-J-4S
IMINE2-J-066	ゴルフ 上達 日本のスポーツ用品メーカー		391.403472,1.1876529305464596	IRCE-Q-J-4S
IMINE2-J-066	ゴルフ 上達 1943年設立の企業		48.925434,0.9634080046897093	IRCE-Q-J-4S
IMINE2-J-066	ゴルフ 上達 球技		293.55260400000003,1.616765071867695	IRCE-Q-J-4S
IMINE2-J-066	ゴルフ 上達 金融		48.925434,1.2696403186837717	IRCE-Q-J-4S
IMINE2-J-067	タッチタイピング 習得 コンピュータゲーム		285.132198,0.0970774118528397	IRCE-Q-J-4S
IMINE2-J-067	タッチタイピング 習得 人物		210.248145,0.06267006172839507	IRCE-Q-J-4S
IMINE2-J-067	タッチタイピング 習得 タイピングソフト		313.69750700000003,0.43887961776922524	IRCE-Q-J-4S
IMINE2-J-067	タッチタイピング 習得 コンピュータ		244.607745,0.6153851851730683	IRCE-Q-J-4S
IMINE2-J-067	タッチタイピング 習得 文書作成		198.459933,0.6449067811847514	IRCE-Q-J-4S
IMINE2-J-067	タッチタイピング 習得 操縦技術		175.988742,0.7538389214356728	IRCE-Q-J-4S
IMINE2-J-067	タッチタイピング 習得 商工会議所		112.664387,0.621642642643688	IRCE-Q-J-4S
IMINE2-J-067	タッチタイピング 習得 試験		110.903503,1.046608212922202	IRCE-Q-J-4S
IMINE2-J-067	タッチタイピング 習得 ソフトウェア		154.34993900000003,1.4839925662179372	IRCE-Q-J-4S
IMINE2-J-067	タッチタイピング 習得 2001年のコンピュータゲーム		109.413743,1.395652506514364	IRCE-Q-J-4S
IMINE2-J-068	エントリーシート 作成 東京ディズニーリゾート		188.21467800000002,	IRCE-Q-J-4S
IMINE2-J-068	エントリーシート 作成 人物		129.124988,0.0012152777777777778	IRCE-Q-J-4S
IMINE2-J-068	エントリーシート 作成 就職活動		155.011449,0.2554100577818085	IRCE-Q-J-4S
IMINE2-J-068	エントリーシート 作成 自動車		185.3244,0.6233547781385747	IRCE-Q-J-4S
IMINE2-J-068	エントリーシート 作成 和製英語		134.82265,0.6489888068086507	IRCE-Q-J-4S
IMINE2-J-068	エントリーシート 作成 プロトタイプレーシングカー		93.110496,0.6414226734163121	IRCE-Q-J-4S
IMINE2-J-068	エントリーシート 作成 経済		134.82265,1.131415280942564	IRCE-Q-J-4S
IMINE2-J-068	エントリーシート 作成 アメリカン・ル・マン・シリーズ		130.69951799999998,1.5888852522850954	IRCE-Q-J-4S
IMINE2-J-068	エントリーシート 作成 かつて存在したF1コンストラクター		130.435763,2.3744871570462047	IRCE-Q-J-4S
IMINE2-J-068	エントリーシート 作成 東京ディズニーシー		133.564879,3.197288901511253	IRCE-Q-J-4S
IMINE2-J-069	振り袖 レンタル 日本の俳優		588.8382034999997,	IRCE-Q-J-4S
IMINE2-J-069	振り袖 レンタル 人物		524.0878799999999,0.6122685185185185	IRCE-Q-J-4S
IMINE2-J-069	振り袖 レンタル 俳優		317.648068,0.7766502850651578	IRCE-Q-J-4S
IMINE2-J-069	振り袖 レンタル 東京都出身の人物		220.67337900000004,0.597937402080793	IRCE-Q-J-4S
IMINE2-J-069	振り袖 レンタル 風俗		14.205651,0.29955536423669327	IRCE-Q-J-4S
IMINE2-J-069	振り袖 レンタル 同名の地名		14.13205,0.5097076136386564	IRCE-Q-J-4S
IMINE2-J-069	振り袖 レンタル 東映時代劇		130.154196,1.2194576754105857	IRCE-Q-J-4S
IMINE2-J-069	振り袖 レンタル 11世紀		10.982079,0.9448291049596704	IRCE-Q-J-4S
IMINE2-J-069	振り袖 レンタル マナー		30.742707,1.2335770788042002	IRCE-Q-J-4S
IMINE2-J-069	振り袖 レンタル 1926年生		56.10784700000001,1.5298671410015838	IRCE-Q-J-4S
IMINE2-J-070	油性ペン 落とし方 ボールペン		275.58156400000007,	IRCE-Q-J-4S
IMINE2-J-070	油性ペン 落とし方 シャープペンシル		209.329276,0.2804122968062343	IRCE-Q-J-4S
IMINE2-J-070	油性ペン 落とし方 化学		143.66167199999998,0.06096080052672754	IRCE-Q-J-4S
IMINE2-J-070	油性ペン 落とし方 人物		126.225132,0.13657407407407407	IRCE-Q-J-4S
IMINE2-J-070	油性ペン 落とし方 フェルトペン		180.82601599999998,0.7367529536885216	IRCE-Q-J-4S
IMINE2-J-070	油性ペン 落とし方 工業製品		109.47640799999999,0.5512297453703703	IRCE-Q-J-4S
IMINE2-J-070	油性ペン 落とし方 物質の性質		53.016712,0.6054897587175433	IRCE-Q-J-4S
IMINE2-J-070	油性ペン 落とし方 教育産業		21.205303,0.2755208333333333	IRCE-Q-J-4S
IMINE2-J-070	油性ペン 落とし方 企業		102.69728500000001,1.6853802168104381	IRCE-Q-J-4S
IMINE2-J-070	油性ペン 落とし方 和製英語		89.80011199999998,1.7986324354153433	IRCE-Q-J-4S
IMINE2-J-071	クリスマス　過ごし方 人物		555.0486930000001,0.05202546296296296	IRCE-Q-J-4S
IMINE2-J-071	クリスマス　過ごし方 ヨーロッパの年中行事		349.999056,0.19928783696500063	IRCE-Q-J-4S
IMINE2-J-071	クリスマス　過ごし方 12月		371.571642,0.3683388769757351	IRCE-Q-J-4S
IMINE2-J-071	クリスマス　過ごし方 都市		97.850868,0.09703219919655104	IRCE-Q-J-4S
IMINE2-J-071	クリスマス　過ごし方 光学		48.925434,0.21394876864711931	IRCE-Q-J-4S
IMINE2-J-071	クリスマス　過ごし方 電気機器		48.925434,0.41098109494542623	IRCE-Q-J-4S
IMINE2-J-071	クリスマス　過ごし方 天体		48.925434,0.48433313435460884	IRCE-Q-J-4S
IMINE2-J-071	クリスマス　過ごし方 暦		48.925434,0.6038180137618068	IRCE-Q-J-4S
IMINE2-J-071	クリスマス　過ごし方 ロシアの伝承		48.925434,0.7205649131443146	IRCE-Q-J-4S
IMINE2-J-071	クリスマス　過ごし方 行事、祭礼		293.55260400000003,1.0893189028115355	IRCE-Q-J-4S
IMINE2-J-072	京都 観光 道路		190.0207385,	IRCE-Q-J-4S
IMINE2-J-072	京都 観光 山城国		148.07067780000003,0.10531024251227658	IRCE-Q-J-4S
IMINE2-J-072	京都 観光 日本の都市		134.82265,0.33546618588955696	IRCE-Q-J-4S
IMINE2-J-072	京都 観光 平安時代		134.82265,0.6223779377618547	IRCE-Q-J-4S
IMINE2-J-072	京都 観光 日本の計画都市		134.82265,0.8735804301828058	IRCE-Q-J-4S
IMINE2-J-072	京都 観光 室町時代		134.82265,1.2374261476874873	IRCE-Q-J-4S
IMINE2-J-072	京都 観光 安土桃山時代		134.82265,1.6093348014738411	IRCE-Q-J-4S
IMINE2-J-072	京都 観光 近畿地方の歴史		134.82265,2.4919219977937077	IRCE-Q-J-4S
IMINE2-J-072	京都 観光 平成百景		134.82265,3.0981111001324013	IRCE-Q-J-4S
IMINE2-J-072	京都 観光 京都市の歴史		134.82265,3.9540993128724384	IRCE-Q-J-4S
IMINE2-J-073	ディズニーランド 楽しむ ディズニーパークのアトラクション		1057.8395620000001,	IRCE-Q-J-4S
IMINE2-J-073	ディズニーランド 楽しむ マジック・キングダムのアトラクション		580.0166429999999,0.28811202940136305	IRCE-Q-J-4S
IMINE2-J-073	ディズニーランド 楽しむ 東京ディズニーリゾート		1054.889704,0.9618901681154354	IRCE-Q-J-4S
IMINE2-J-073	ディズニーランド 楽しむ ディズニーランド・パリのアトラクション		818.2818400000001,1.2090760169266366	IRCE-Q-J-4S
IMINE2-J-073	ディズニーランド 楽しむ 人物		34.041435,0.06967592592592593	IRCE-Q-J-4S
IMINE2-J-073	ディズニーランド 楽しむ 東京ディズニーランドのアトラクション		783.9864530000001,2.052560164311242	IRCE-Q-J-4S
IMINE2-J-073	ディズニーランド 楽しむ 音		34.104824,0.7463010142378401	IRCE-Q-J-4S
IMINE2-J-073	ディズニーランド 楽しむ ディズニーパーク		509.24083199999995,2.6330270115070196	IRCE-Q-J-4S
IMINE2-J-073	ディズニーランド 楽しむ 廃墟		33.73181,1.3554978698753812	IRCE-Q-J-4S
IMINE2-J-073	ディズニーランド 楽しむ 東京ディズニーランド		578.643674,3.8655540032087967	IRCE-Q-J-4S
IMINE2-J-074	ハワイ 旅行 ハワイ島		270.86362799999995,0.06188437714334705	IRCE-Q-J-4S
IMINE2-J-074	ハワイ 旅行 人物		127.874001,0.0	IRCE-Q-J-4S
IMINE2-J-074	ハワイ 旅行 ハワイ州の文化		142.560061,0.8635671005679272	IRCE-Q-J-4S
IMINE2-J-074	ハワイ 旅行 火山学		28.350837,0.4145150602875895	IRCE-Q-J-4S
IMINE2-J-074	ハワイ 旅行 危機に瀕する言語		14.406816,0.43466993942365395	IRCE-Q-J-4S
IMINE2-J-074	ハワイ 旅行 北西ハワイ諸島		70.961954,1.0383601919674892	IRCE-Q-J-4S
IMINE2-J-074	ハワイ 旅行 オセアニア史		28.362671,1.0358605618784293	IRCE-Q-J-4S
IMINE2-J-074	ハワイ 旅行 アメリカ先住民の文化		42.677068,1.410927720038886	IRCE-Q-J-4S
IMINE2-J-074	ハワイ 旅行 労働問題		14.132692,1.1265409132103457	IRCE-Q-J-4S
IMINE2-J-074	ハワイ 旅行 ハワイ王国		85.432887,2.348443658425404	IRCE-Q-J-4S
IMINE2-J-075	東京　大阪 日本の都市		273.79123000000004,	IRCE-Q-J-4S
IMINE2-J-075	東京　大阪 大阪市の歴史		145.36541000000003,0.31166915951489965	IRCE-Q-J-4S
IMINE2-J-075	東京　大阪 人物		85.63613050000001,0.010819615912208504	IRCE-Q-J-4S
IMINE2-J-075	東京　大阪 三大都市圏		136.79195,0.6221819613497634	IRCE-Q-J-4S
IMINE2-J-075	東京　大阪 東京都		136.99928,1.2442972848324325	IRCE-Q-J-4S
IMINE2-J-075	東京　大阪 大阪市		136.79195,1.9683904713205431	IRCE-Q-J-4S
IMINE2-J-075	東京　大阪 大阪府		145.331714,2.836841275262348	IRCE-Q-J-4S
IMINE2-J-075	東京　大阪 関東地方		136.99928,3.3412421593336146	IRCE-Q-J-4S
IMINE2-J-075	東京　大阪 近畿地方		136.79195,3.999736687231067	IRCE-Q-J-4S
IMINE2-J-075	東京　大阪 大阪府の歴史		136.79195,4.839079681483351	IRCE-Q-J-4S
IMINE2-J-076	壁紙　風景 人物		167.70892800000001,0.0	IRCE-Q-J-4S
IMINE2-J-076	壁紙　風景 建築材料		148.88056500000002,0.02111111111111111	IRCE-Q-J-4S
IMINE2-J-076	壁紙　風景 装飾		149.24537,0.21251078847571625	IRCE-Q-J-4S
IMINE2-J-076	壁紙　風景 環境		134.82265,0.1945783552907331	IRCE-Q-J-4S
IMINE2-J-076	壁紙　風景 インテリア		149.271399,0.5886427167098072	IRCE-Q-J-4S
IMINE2-J-076	壁紙　風景 建築		167.37809500000003,0.9006990512805989	IRCE-Q-J-4S
IMINE2-J-076	壁紙　風景 視覚		146.623523,0.9212559097453445	IRCE-Q-J-4S
IMINE2-J-076	壁紙　風景 企業		130.500142,1.8993378446437033	IRCE-Q-J-4S
IMINE2-J-076	壁紙　風景 日本のイラストレーター		88.471079,1.5940533852917738	IRCE-Q-J-4S
IMINE2-J-076	壁紙　風景 住宅関連企業		64.53953,1.4550979438471427	IRCE-Q-J-4S
IMINE2-J-077	神戸空港 写真 ポートアイランド		610.28705,	IRCE-Q-J-4S
IMINE2-J-077	神戸空港 写真 神戸港		429.2025550000001,0.7304853452086595	IRCE-Q-J-4S
IMINE2-J-077	神戸空港 写真 神戸市中央区の交通		399.23081400000007,1.6547630014072734	IRCE-Q-J-4S
IMINE2-J-077	神戸空港 写真 大阪湾		312.255405,2.1699311043392835	IRCE-Q-J-4S
IMINE2-J-077	神戸空港 写真 神戸新交通の鉄道駅		330.192384,3.2687054485241025	IRCE-Q-J-4S
IMINE2-J-077	神戸空港 写真 神戸市中央区の鉄道駅		330.192384,4.300211664017	IRCE-Q-J-4S
IMINE2-J-077	神戸空港 写真 企業		162.140253,0.42376108272628027	IRCE-Q-J-4S
IMINE2-J-077	神戸空港 写真 1981年開業の鉄道駅		238.92476899999997,3.3943807202606906	IRCE-Q-J-4S
IMINE2-J-077	神戸空港 写真 人物		76.87950000000001,0.021400940623162844	IRCE-Q-J-4S
IMINE2-J-077	神戸空港 写真 バス		150.106877,2.2951097493388684	IRCE-Q-J-4S
IMINE2-J-078	年賀状 イラスト 人物		769.2700700000003,	IRCE-Q-J-4S
IMINE2-J-078	年賀状 イラスト 正月		214.729115,0.06734669206986539	IRCE-Q-J-4S
IMINE2-J-078	年賀状 イラスト 郵便		212.980427,0.2693943707434999	IRCE-Q-J-4S
IMINE2-J-078	年賀状 イラスト 儀礼		165.299327,0.421437120996137	IRCE-Q-J-4S
IMINE2-J-078	年賀状 イラスト はがき作成ソフト		188.849154,0.6927026078445198	IRCE-Q-J-4S
IMINE2-J-078	年賀状 イラスト 日本の年中行事		188.00667800000002,1.0480118120799535	IRCE-Q-J-4S
IMINE2-J-078	年賀状 イラスト 東京都出身の人物		177.820738,1.3629245565056547	IRCE-Q-J-4S
IMINE2-J-078	年賀状 イラスト 日本のイラストレーター		244.084426,2.160340827807673	IRCE-Q-J-4S
IMINE2-J-078	年賀状 イラスト 美術家		183.09715,1.8844373210049399	IRCE-Q-J-4S
IMINE2-J-078	年賀状 イラスト 俳優		178.75095000000002,2.3766019936848375	IRCE-Q-J-4S
IMINE2-J-079	大島優子 画像 AKB48		779.9583100000001,	IRCE-Q-J-4S
IMINE2-J-079	大島優子 画像 人物		374.1132779999999,0.033854166666666664	IRCE-Q-J-4S
IMINE2-J-079	大島優子 画像 テレビ番組		301.654728,0.17379377381848163	IRCE-Q-J-4S
IMINE2-J-079	大島優子 画像 秋元康が制作した楽曲		463.99702199999996,0.9320246338230171	IRCE-Q-J-4S
IMINE2-J-079	大島優子 画像 AKB48の楽曲		408.75206099999997,1.4288528361628015	IRCE-Q-J-4S
IMINE2-J-079	大島優子 画像 日本のアイドル		208.876145,1.8066622544100104	IRCE-Q-J-4S
IMINE2-J-079	大島優子 画像 同名の地名		24.83054,0.8565702321507656	IRCE-Q-J-4S
IMINE2-J-079	大島優子 画像 1988年生		129.71439,1.7564804580506292	IRCE-Q-J-4S
IMINE2-J-079	大島優子 画像 人名の曖昧さ回避		83.64185,1.67462032174644	IRCE-Q-J-4S
IMINE2-J-079	大島優子 画像 地名姓		24.83054,1.5277800294278105	IRCE-Q-J-4S
IMINE2-J-080	国家予算　グラフ 数学に関する記事		788.4873899999999,0.17254382177574337	IRCE-Q-J-4S
IMINE2-J-080	国家予算　グラフ 人物		148.608298,0.044171274250440914	IRCE-Q-J-4S
IMINE2-J-080	国家予算　グラフ 品質		203.24072,0.23489736877220987	IRCE-Q-J-4S
IMINE2-J-080	国家予算　グラフ 投資		50.81018,0.2667414551931659	IRCE-Q-J-4S
IMINE2-J-080	国家予算　グラフ 記号		50.81018,0.37760084023578566	IRCE-Q-J-4S
IMINE2-J-080	国家予算　グラフ フランス第五共和政		23.672901,0.4071687896259528	IRCE-Q-J-4S
IMINE2-J-080	国家予算　グラフ ウズベキスタンの医療		22.512617,0.5213519671099149	IRCE-Q-J-4S
IMINE2-J-080	国家予算　グラフ 数学		406.48144,1.1120606429828301	IRCE-Q-J-4S
IMINE2-J-080	国家予算　グラフ 電磁気学		50.81018,0.7070200277117975	IRCE-Q-J-4S
IMINE2-J-080	国家予算　グラフ フェルミ国立加速器研究所の人物		26.499475,0.7475374065880704	IRCE-Q-J-4S
IMINE2-J-081	海外　ニュース 人物		296.061702,	IRCE-Q-J-4S
IMINE2-J-081	海外　ニュース 報道		163.127542,0.03612654320987654	IRCE-Q-J-4S
IMINE2-J-081	海外　ニュース 政治地理学		150.816214,0.45934675654038376	IRCE-Q-J-4S
IMINE2-J-081	海外　ニュース 国際関係		136.73856,0.6886715028613681	IRCE-Q-J-4S
IMINE2-J-081	海外　ニュース ニュースサイト		100.7398525,0.7339569103862399	IRCE-Q-J-4S
IMINE2-J-081	海外　ニュース 地域		13.934299,0.24265946502057612	IRCE-Q-J-4S
IMINE2-J-081	海外　ニュース 社会		136.73856,1.2225209279470473	IRCE-Q-J-4S
IMINE2-J-081	海外　ニュース NHKのニュース・報道番組		88.0770385,1.4194602765509867	IRCE-Q-J-4S
IMINE2-J-081	海外　ニュース 東京都出身の人物		71.155283,1.9287976586583089	IRCE-Q-J-4S
IMINE2-J-081	海外　ニュース テレビ番組		113.3509135,2.889508908199507	IRCE-Q-J-4S
IMINE2-J-082	TPP 進展 人物		764.1523404999995,	IRCE-Q-J-4S
IMINE2-J-082	TPP 進展 現在進行中の選挙		204.34641299999998,0.0	IRCE-Q-J-4S
IMINE2-J-082	TPP 進展 自由民主党の衆議院議員		143.4155345,0.23651166695244627	IRCE-Q-J-4S
IMINE2-J-082	TPP 進展 環太平洋戦略的経済連携協定		139.102022,0.7308307567570622	IRCE-Q-J-4S
IMINE2-J-082	TPP 進展 日本の経済学者		91.55420600000001,0.9099070131435469	IRCE-Q-J-4S
IMINE2-J-082	TPP 進展 医療問題		26.056221,0.6002667120624712	IRCE-Q-J-4S
IMINE2-J-082	TPP 進展 1943年生		78.577978,1.2454217501241045	IRCE-Q-J-4S
IMINE2-J-082	TPP 進展 社会問題		13.878819,0.7647964964554256	IRCE-Q-J-4S
IMINE2-J-082	TPP 進展 神道政治連盟の人物		105.28393500000001,1.844048517671748	IRCE-Q-J-4S
IMINE2-J-082	TPP 進展 政治		116.426742,2.2712515348069244	IRCE-Q-J-4S
IMINE2-J-083	日米首脳会談 政治		703.199118,	IRCE-Q-J-4S
IMINE2-J-083	日米首脳会談 人物		689.3458889999998,0.0	IRCE-Q-J-4S
IMINE2-J-083	日米首脳会談 各年の政治		545.210676,0.17795473582205698	IRCE-Q-J-4S
IMINE2-J-083	日米首脳会談 日米関係		297.02334799999994,0.29503666339012397	IRCE-Q-J-4S
IMINE2-J-083	日米首脳会談 日本の政治学者		186.027541,0.670459866611004	IRCE-Q-J-4S
IMINE2-J-083	日米首脳会談 歴史		164.983068,0.6333011831275719	IRCE-Q-J-4S
IMINE2-J-083	日米首脳会談 メディア問題		79.57816,0.552831479287895	IRCE-Q-J-4S
IMINE2-J-083	日米首脳会談 日中関係		220.724392,1.3442312623239328	IRCE-Q-J-4S
IMINE2-J-083	日米首脳会談 地域別の経済		69.224426,0.8748881256191888	IRCE-Q-J-4S
IMINE2-J-083	日米首脳会談 2008年の国際関係		58.027218,0.9644605055375639	IRCE-Q-J-4S
IMINE2-J-084	大阪都構想 結果 人物		704.980579,	IRCE-Q-J-4S
IMINE2-J-084	大阪都構想 結果 政治		508.128145,0.0	IRCE-Q-J-4S
IMINE2-J-084	大阪都構想 結果 大阪維新の会		308.08901000000003,0.054414602127807785	IRCE-Q-J-4S
IMINE2-J-084	大阪都構想 結果 日本の地理		381.02272500000004,0.6425900786084587	IRCE-Q-J-4S
IMINE2-J-084	大阪都構想 結果 都市		110.882864,0.1688777777777778	IRCE-Q-J-4S
IMINE2-J-084	大阪都構想 結果 大阪府		377.72543299999995,1.212218300223578	IRCE-Q-J-4S
IMINE2-J-084	大阪都構想 結果 自治体再編		276.122503,1.3485027189869592	IRCE-Q-J-4S
IMINE2-J-084	大阪都構想 結果 地方公務員出身の人物		210.83711599999998,1.7158030636431871	IRCE-Q-J-4S
IMINE2-J-084	大阪都構想 結果 地域		35.811325,0.5874297453703704	IRCE-Q-J-4S
IMINE2-J-084	大阪都構想 結果 政治地理学		63.262519999999995,1.056806784819417	IRCE-Q-J-4S
IMINE2-J-085	女子プロゴルフ　結果 人物		2966.1205500000005,	IRCE-Q-J-4S
IMINE2-J-085	女子プロゴルフ　結果 日本の女子プロゴルファー		2295.547626,0.023919753086419752	IRCE-Q-J-4S
IMINE2-J-085	女子プロゴルフ　結果 金融		40.899433,0.17207023687585069	IRCE-Q-J-4S
IMINE2-J-085	女子プロゴルフ　結果 第二次世界大戦後のイギリス		40.899433,0.3609243311417609	IRCE-Q-J-4S
IMINE2-J-085	女子プロゴルフ　結果 女子ゴルファー		668.9620170000001,1.181493999370925	IRCE-Q-J-4S
IMINE2-J-085	女子プロゴルフ　結果 学問		134.82265,0.9219155092592592	IRCE-Q-J-4S
IMINE2-J-085	女子プロゴルフ　結果 経済現象		40.899433,0.9800522957260287	IRCE-Q-J-4S
IMINE2-J-085	女子プロゴルフ　結果 1987年生		237.25963099999998,1.359751402230409	IRCE-Q-J-4S
IMINE2-J-085	女子プロゴルフ　結果 人名の曖昧さ回避		39.693546,1.3148753929106898	IRCE-Q-J-4S
IMINE2-J-085	女子プロゴルフ　結果 1992年生		198.33933000000002,1.707479150715777	IRCE-Q-J-4S
IMINE2-J-086	GPUとは コンピュータ		473.86986699999994,	IRCE-Q-J-4S
IMINE2-J-086	GPUとは グラフィックカード		330.722618,0.09165498119264794	IRCE-Q-J-4S
IMINE2-J-086	GPUとは 半導体企業		30.551501000000002,0.22723720857538215	IRCE-Q-J-4S
IMINE2-J-086	GPUとは マイクロプロセッサ		96.76627500000001,0.6141025628939839	IRCE-Q-J-4S
IMINE2-J-086	GPUとは 人名の曖昧さ回避		14.940276,0.532626590808066	IRCE-Q-J-4S
IMINE2-J-086	GPUとは 計算科学		14.41275,0.6419547873698548	IRCE-Q-J-4S
IMINE2-J-086	GPUとは 並列コンピューティング		127.40526,1.4932943172099888	IRCE-Q-J-4S
IMINE2-J-086	GPUとは コンピュータグラフィックス		80.90842699999999,1.5621613827335759	IRCE-Q-J-4S
IMINE2-J-086	GPUとは ハードウェア		65.404862,1.7518146511207564	IRCE-Q-J-4S
IMINE2-J-086	GPUとは 1990年代の玩具		16.49767,1.444570492663017	IRCE-Q-J-4S
IMINE2-J-087	アルファリポ酸 定義 人物		133.667216,	IRCE-Q-J-4S
IMINE2-J-087	アルファリポ酸 定義 1951年のF1レースレポート		130.98387400000001,0.008391203703703703	IRCE-Q-J-4S
IMINE2-J-087	アルファリポ酸 定義 化学		81.0004,0.04001669550138246	IRCE-Q-J-4S
IMINE2-J-087	アルファリポ酸 定義 1950年のスポーツ		94.577047,0.5159821622034811	IRCE-Q-J-4S
IMINE2-J-087	アルファリポ酸 定義 1950年のF1レースレポート		113.479824,1.2208491177029077	IRCE-Q-J-4S
IMINE2-J-087	アルファリポ酸 定義 酵素		76.613235,1.0684007833672993	IRCE-Q-J-4S
IMINE2-J-087	アルファリポ酸 定義 生物学		72.977818,1.2569956488566432	IRCE-Q-J-4S
IMINE2-J-087	アルファリポ酸 定義 医薬品		64.660968,1.2841156207563054	IRCE-Q-J-4S
IMINE2-J-087	アルファリポ酸 定義 ジスルフィド		75.815776,2.134111519016846	IRCE-Q-J-4S
IMINE2-J-087	アルファリポ酸 定義 補因子		67.697979,2.3363579069300657	IRCE-Q-J-4S
IMINE2-J-088	K点 数学に関する記事		348.99169900000004,	IRCE-Q-J-4S
IMINE2-J-088	K点 人物		291.54246050000006,0.014243915343915342	IRCE-Q-J-4S
IMINE2-J-088	K点 固体物理学		194.34839000000002,0.12903673355173118	IRCE-Q-J-4S
IMINE2-J-088	K点 野球に関する記事		233.91398549999997,0.44648323743222207	IRCE-Q-J-4S
IMINE2-J-088	K点 韓国の野球選手		219.81015899999997,0.6966298417192044	IRCE-Q-J-4S
IMINE2-J-088	K点 SKワイバーンズの選手		189.47954599999997,1.4167857090384979	IRCE-Q-J-4S
IMINE2-J-088	K点 野球選手		176.00367999999997,1.6905700816321738	IRCE-Q-J-4S
IMINE2-J-088	K点 計算物理学		31.94487,0.7474219041696453	IRCE-Q-J-4S
IMINE2-J-088	K点 初等数学		15.699192,0.8184799271544722	IRCE-Q-J-4S
IMINE2-J-088	K点 トランプゲーム		103.10005149999998,1.8472090169124826	IRCE-Q-J-4S
IMINE2-J-089	宇宙線 wikipedia 宇宙線物理学		362.44032000000004,	IRCE-Q-J-4S
IMINE2-J-089	宇宙線 wikipedia 人物		275.570266,0.0	IRCE-Q-J-4S
IMINE2-J-089	宇宙線 wikipedia 天文学に関する記事		338.263846,0.14583333333333331	IRCE-Q-J-4S
IMINE2-J-089	宇宙線 wikipedia 放射線		244.78171200000003,0.1848605599647266	IRCE-Q-J-4S
IMINE2-J-089	宇宙線 wikipedia 日本の物理学者		254.58066700000006,0.4345759205076584	IRCE-Q-J-4S
IMINE2-J-089	宇宙線 wikipedia 天文学		275.563946,0.5732475726977391	IRCE-Q-J-4S
IMINE2-J-089	宇宙線 wikipedia 日本の天文学者		233.18087500000001,0.7911057893916421	IRCE-Q-J-4S
IMINE2-J-089	宇宙線 wikipedia 物理学		174.42622,0.9232815756356554	IRCE-Q-J-4S
IMINE2-J-089	宇宙線 wikipedia 東京大学の教員		212.788827,1.3426333784515698	IRCE-Q-J-4S
IMINE2-J-089	宇宙線 wikipedia トムソン・ロイター引用栄誉賞受賞者		21.068138,0.44960907286461393	IRCE-Q-J-4S
IMINE2-J-090	バセドウ病 人物		524.1073129999999,	IRCE-Q-J-4S
IMINE2-J-090	バセドウ病 医学		506.8265380000001,0.021604938271604937	IRCE-Q-J-4S
IMINE2-J-090	バセドウ病 代謝内分泌疾患		468.4659280000001,0.1587896818082228	IRCE-Q-J-4S
IMINE2-J-090	バセドウ病 免疫病		304.448349,0.4806803141263638	IRCE-Q-J-4S
IMINE2-J-090	バセドウ病 メトロ・ゴールドウィン・メイヤーの作品		135.464925,0.7205525302956153	IRCE-Q-J-4S
IMINE2-J-090	バセドウ病 日付		24.55505,0.2726712668252743	IRCE-Q-J-4S
IMINE2-J-090	バセドウ病 産科学		134.82265,1.1116115436645106	IRCE-Q-J-4S
IMINE2-J-090	バセドウ病 映画		175.181606,1.5150655161879267	IRCE-Q-J-4S
IMINE2-J-090	バセドウ病 社会問題		34.533165,0.5763872613025836	IRCE-Q-J-4S
IMINE2-J-090	バセドウ病 医療		34.533165,0.7385814122831249	IRCE-Q-J-4S
IMINE2-J-091	一眼レフ　おすすめ カメラ製品の一覧		1000.0237099999999,	IRCE-Q-J-4S
IMINE2-J-091	一眼レフ　おすすめ カメラ		866.2813679999999,0.1477785082274758	IRCE-Q-J-4S
IMINE2-J-091	一眼レフ　おすすめ フォーサーズシステム		469.92420500000003,0.5291804469927947	IRCE-Q-J-4S
IMINE2-J-091	一眼レフ　おすすめ 人物		84.51207500000001,0.04846643518518518	IRCE-Q-J-4S
IMINE2-J-091	一眼レフ　おすすめ 写真レンズ		217.305694,0.6589687734079731	IRCE-Q-J-4S
IMINE2-J-091	一眼レフ　おすすめ 光学機器		36.4657,0.563253560635288	IRCE-Q-J-4S
IMINE2-J-091	一眼レフ　おすすめ 日本のカメラメーカー・ブランド		286.295194,1.3001388615396627	IRCE-Q-J-4S
IMINE2-J-091	一眼レフ　おすすめ レンズ		37.866165,1.0107374665548552	IRCE-Q-J-4S
IMINE2-J-091	一眼レフ　おすすめ 1917年設立の企業		37.44632,1.1729069951870694	IRCE-Q-J-4S
IMINE2-J-091	一眼レフ　おすすめ 写真		106.714451,1.533711912816315	IRCE-Q-J-4S
IMINE2-J-092	一人旅　おすすめ　日帰り ラジオ番組		373.41693599999996,	IRCE-Q-J-4S
IMINE2-J-092	一人旅　おすすめ　日帰り 人物		300.78821800000003,0.002939814814814815	IRCE-Q-J-4S
IMINE2-J-092	一人旅　おすすめ　日帰り テレビ番組		277.335826,0.4784688030026242	IRCE-Q-J-4S
IMINE2-J-092	一人旅　おすすめ　日帰り 広報・番組宣伝番組		166.372118,0.19609817437225446	IRCE-Q-J-4S
IMINE2-J-092	一人旅　おすすめ　日帰り 旅行		148.64961,0.500708532514346	IRCE-Q-J-4S
IMINE2-J-092	一人旅　おすすめ　日帰り Bluetooth搭載機器		78.307926,0.645035702898873	IRCE-Q-J-4S
IMINE2-J-092	一人旅　おすすめ　日帰り 娯楽		148.64961,1.2086089875522237	IRCE-Q-J-4S
IMINE2-J-092	一人旅　おすすめ　日帰り 地域ブランド		28.344322,0.5677478200495384	IRCE-Q-J-4S
IMINE2-J-092	一人旅　おすすめ　日帰り 携帯電話		130.51321,1.7184092189746092	IRCE-Q-J-4S
IMINE2-J-092	一人旅　おすすめ　日帰り 日本のウェブサイト		85.756802,1.4647418736180609	IRCE-Q-J-4S
IMINE2-J-093	バナナの種 どこにある 食文化		202.43918200000002,0.05170431254822531	IRCE-Q-J-4S
IMINE2-J-093	バナナの種 どこにある 人物		190.03527799999998,0.0739969135802469	IRCE-Q-J-4S
IMINE2-J-093	バナナの種 どこにある 販売の手法		80.36895200000001,0.18199278269928962	IRCE-Q-J-4S
IMINE2-J-093	バナナの種 どこにある 地域別の料理		102.00660500000001,0.5631458402876344	IRCE-Q-J-4S
IMINE2-J-093	バナナの種 どこにある 都市		23.298717,0.4033259066358025	IRCE-Q-J-4S
IMINE2-J-093	バナナの種 どこにある 化学結合		22.151989,0.4857627239276406	IRCE-Q-J-4S
IMINE2-J-093	バナナの種 どこにある 果物		57.887232999999995,1.015458477162815	IRCE-Q-J-4S
IMINE2-J-093	バナナの種 どこにある 映画		101.51176,1.622164328745099	IRCE-Q-J-4S
IMINE2-J-093	バナナの種 どこにある 1936年生		49.849832,1.2646357610943513	IRCE-Q-J-4S
IMINE2-J-093	バナナの種 どこにある 商制度・商習慣		52.554823,1.5011013756469607	IRCE-Q-J-4S
IMINE2-J-094	同級生 同窓生 違い 漫画		435.755305,	IRCE-Q-J-4S
IMINE2-J-094	同級生 同窓生 違い 人物		173.78692900000001,0.0070879629629629634	IRCE-Q-J-4S
IMINE2-J-094	同級生 同窓生 違い 4コマ漫画		122.14013100000003,0.15537068847879518	IRCE-Q-J-4S
IMINE2-J-094	同級生 同窓生 違い 学園漫画		121.77659400000002,0.8251270704004239	IRCE-Q-J-4S
IMINE2-J-094	同級生 同窓生 違い 美少女ゲーム		140.390753,1.4343429079735355	IRCE-Q-J-4S
IMINE2-J-094	同級生 同窓生 違い 自殺事件		17.353052,0.621614047912725	IRCE-Q-J-4S
IMINE2-J-094	同級生 同窓生 違い 人名の曖昧さ回避		69.392021,1.2307194060401074	IRCE-Q-J-4S
IMINE2-J-094	同級生 同窓生 違い 恋愛漫画		104.247623,2.080417343485684	IRCE-Q-J-4S
IMINE2-J-094	同級生 同窓生 違い 学校を舞台としたコンピュータゲーム		87.017213,2.2003657261668312	IRCE-Q-J-4S
IMINE2-J-094	同級生 同窓生 違い 教師と生徒の恋愛を扱った作品		69.761508,2.285621558949992	IRCE-Q-J-4S
IMINE2-J-095	生ビールの生 意味 人物		477.67547800000006,	IRCE-Q-J-4S
IMINE2-J-095	生ビールの生 意味 酒		252.03098700000004,0.044926697530864194	IRCE-Q-J-4S
IMINE2-J-095	生ビールの生 意味 日本の俳優		196.002092,0.8773005582079474	IRCE-Q-J-4S
IMINE2-J-095	生ビールの生 意味 キャンペーンガール		140.604077,0.9957064346773806	IRCE-Q-J-4S
IMINE2-J-095	生ビールの生 意味 日本のビール		135.727024,1.321320240874212	IRCE-Q-J-4S
IMINE2-J-095	生ビールの生 意味 飲食店		64.852972,0.9923044372044462	IRCE-Q-J-4S
IMINE2-J-095	生ビールの生 意味 農業技術		18.975382,0.7736760287116965	IRCE-Q-J-4S
IMINE2-J-095	生ビールの生 意味 2010年設立の企業		25.271942,1.0365827245293713	IRCE-Q-J-4S
IMINE2-J-095	生ビールの生 意味 アジアのビール		72.098974,1.8964315520723931	IRCE-Q-J-4S
IMINE2-J-095	生ビールの生 意味 企業		102.67510399999999,2.6782608224335203	IRCE-Q-J-4S
IMINE2-J-096	kindle 購入 人物		659.4813285000004,	IRCE-Q-J-4S
IMINE2-J-096	kindle 購入 日本の小説家		189.38750050000002,0.1103395061728395	IRCE-Q-J-4S
IMINE2-J-096	kindle 購入 文人		169.6816535,0.17540693500391238	IRCE-Q-J-4S
IMINE2-J-096	kindle 購入 経済		12.116874,0.021730645576131687	IRCE-Q-J-4S
IMINE2-J-096	kindle 購入 情報機器		15.552737,0.21098870367004852	IRCE-Q-J-4S
IMINE2-J-096	kindle 購入 2010年設立の企業		13.382821,0.3615380261617256	IRCE-Q-J-4S
IMINE2-J-096	kindle 購入 電子書籍		90.684102,0.9180626723927007	IRCE-Q-J-4S
IMINE2-J-096	kindle 購入 漫画家		120.36383650000002,1.3035160922636317	IRCE-Q-J-4S
IMINE2-J-096	kindle 購入 日本の漫画家		119.39697850000002,1.5640676612413025	IRCE-Q-J-4S
IMINE2-J-096	kindle 購入 東京都出身の人物		96.1332405,1.7364146835523717	IRCE-Q-J-4S
IMINE2-J-097	iPhone ケース スマートフォン		153.76428500000003,0.3911448559679162	IRCE-Q-J-4S
IMINE2-J-097	iPhone ケース 人物		97.988581,0.030766460905349798	IRCE-Q-J-4S
IMINE2-J-097	iPhone ケース Bluetooth搭載機器		153.50305799999998,0.7846373918645305	IRCE-Q-J-4S
IMINE2-J-097	iPhone ケース 情報機器		103.017885,0.546997033434031	IRCE-Q-J-4S
IMINE2-J-097	iPhone ケース 携帯電話		124.233187,1.04487851882727	IRCE-Q-J-4S
IMINE2-J-097	iPhone ケース コンピュータ		85.7519685,1.4699607210806585	IRCE-Q-J-4S
IMINE2-J-097	iPhone ケース IOSのソフトウェア		111.467846,2.1216632282468133	IRCE-Q-J-4S
IMINE2-J-097	iPhone ケース 企業		72.7734375,1.8219535322920657	IRCE-Q-J-4S
IMINE2-J-097	iPhone ケース コンピュータゲーム		84.99016250000001,2.6106377331463206	IRCE-Q-J-4S
IMINE2-J-097	iPhone ケース IPhone用ゲームソフト		97.3175575,3.128426274282855	IRCE-Q-J-4S
IMINE2-J-098	ブルーレイディスク 人物		508.0991580000001,	IRCE-Q-J-4S
IMINE2-J-098	ブルーレイディスク 日本の男性声優		237.98387000000002,0.35204861111111113	IRCE-Q-J-4S
IMINE2-J-098	ブルーレイディスク AV機器		166.04534,0.2531991155694218	IRCE-Q-J-4S
IMINE2-J-098	ブルーレイディスク 工学		200.961352,0.7358323674875684	IRCE-Q-J-4S
IMINE2-J-098	ブルーレイディスク DVD		171.829253,0.7204662292721581	IRCE-Q-J-4S
IMINE2-J-098	ブルーレイディスク 声優		239.33081700000002,1.5436626096834116	IRCE-Q-J-4S
IMINE2-J-098	ブルーレイディスク ビデオディスク		143.58754599999997,1.2135864541244383	IRCE-Q-J-4S
IMINE2-J-098	ブルーレイディスク 貸与		26.268808,0.3136706532921811	IRCE-Q-J-4S
IMINE2-J-098	ブルーレイディスク 工業規格		28.242294,0.4479165041805474	IRCE-Q-J-4S
IMINE2-J-098	ブルーレイディスク 東京都出身の人物		137.621424,1.5745530017150176	IRCE-Q-J-4S
IMINE2-J-099	母の日　ギフト 人物		369.78661900000003,	IRCE-Q-J-4S
IMINE2-J-099	母の日　ギフト 文化		192.844077,0.0	IRCE-Q-J-4S
IMINE2-J-099	母の日　ギフト 年中行事		156.09954000000002,0.2094807894865765	IRCE-Q-J-4S
IMINE2-J-099	母の日　ギフト 5月の記念日		134.82265,0.28872627746679275	IRCE-Q-J-4S
IMINE2-J-099	母の日　ギフト 家族		134.82265,0.7425428926719803	IRCE-Q-J-4S
IMINE2-J-099	母の日　ギフト 東京都港区の企業		89.43466500000001,0.6018825631830084	IRCE-Q-J-4S
IMINE2-J-099	母の日　ギフト 日本の俳優		113.33981700000001,1.4527566595708088	IRCE-Q-J-4S
IMINE2-J-099	母の日　ギフト プリペイドカード		52.154711000000006,0.9082637211480038	IRCE-Q-J-4S
IMINE2-J-099	母の日　ギフト 有価証券		52.481488,1.2078399990999826	IRCE-Q-J-4S
IMINE2-J-099	母の日　ギフト 日本の子役		103.32497,2.13396645062637	IRCE-Q-J-4S
IMINE2-J-100	ps3 通販 コンピュータゲーム		347.4535815,	IRCE-Q-J-4S
IMINE2-J-100	ps3 通販 人物		237.60409350000006,0.023881481481481483	IRCE-Q-J-4S
IMINE2-J-100	ps3 通販 日本のコンピュータゲームメーカー・ブランド		98.571372,0.14246420772080945	IRCE-Q-J-4S
IMINE2-J-100	ps3 通販 企業		111.968781,0.5344958685872906	IRCE-Q-J-4S
IMINE2-J-100	ps3 通販 計算化学		12.693333,0.22083367472067594	IRCE-Q-J-4S
IMINE2-J-100	ps3 通販 AV機器		37.865212,0.537377215011317	IRCE-Q-J-4S
IMINE2-J-100	ps3 通販 2010年設立の企業		12.346143,0.532193880571333	IRCE-Q-J-4S
IMINE2-J-100	ps3 通販 日本の作曲家		100.40182250000001,1.3848793409922977	IRCE-Q-J-4S
IMINE2-J-100	ps3 通販 ゲームクリエイター		75.66701699999999,1.5570233102722992	IRCE-Q-J-4S
IMINE2-J-100	ps3 通販 放送の視聴		24.801436,1.1417966455842037	IRCE-Q-J-4S
